Algoritmo,Distribuicao,TamanhoVetor,Comparacoes,Trocas,AcessosMemoria,ProfRecursao,TempoNS,MemoriaAuxiliarBytes
Bubble Sort,Aleatorio,1000,497154,243195,1967088,0,27535000,13
Bubble Sort,Aleatorio,1000,499347,250735,2001634,0,32784100,13
Bubble Sort,Aleatorio,1000,499094,254260,2015228,0,37443600,13
Bubble Sort,Aleatorio,1000,499290,249516,1996644,0,35841900,13
Bubble Sort,Aleatorio,1000,497085,249039,1990326,0,31494600,13
Bubble Sort,Aleatorio,1000,497609,247397,1984806,0,35131300,13
Bubble Sort,Aleatorio,1000,497730,238651,1950064,0,30713100,13
Bubble Sort,Aleatorio,1000,497670,255932,2019068,0,52191600,13
Bubble Sort,Aleatorio,1000,498015,251986,2003974,0,73101300,13
Bubble Sort,Aleatorio,1000,498465,244654,1975546,0,44436200,13
Bubble Sort,Aleatorio,1000,499434,249492,1996836,0,33495800,13
Bubble Sort,Aleatorio,1000,499094,248692,1992956,0,28434000,13
Bubble Sort,Aleatorio,1000,499122,242021,1966328,0,25433100,13
Bubble Sort,Aleatorio,1000,498275,249832,1995878,0,23532600,13
Bubble Sort,Aleatorio,1000,498372,249663,1995396,0,30196000,13
Bubble Sort,Aleatorio,1000,497670,257307,2024568,0,58456400,13
Bubble Sort,Aleatorio,1000,499035,250600,2000470,0,61674300,13
Bubble Sort,Aleatorio,1000,498510,253228,2009932,0,75657500,13
Bubble Sort,Aleatorio,1000,499122,258317,2031512,0,53286200,13
Bubble Sort,Aleatorio,1000,497670,238956,1951164,0,36790800,13
Bubble Sort,Aleatorio,1000,499149,250586,2000642,0,36107300,13
Bubble Sort,Aleatorio,1000,498225,248507,1990478,0,34193700,13
Bubble Sort,Aleatorio,1000,497085,249700,1992970,0,33269500,13
Bubble Sort,Aleatorio,1000,499409,248890,1994378,0,34139100,13
Bubble Sort,Aleatorio,1000,498122,253065,2008504,0,35377100,13
Bubble Sort,Aleatorio,1000,499065,247979,1990046,0,26423000,13
Bubble Sort,Aleatorio,1000,498680,249283,1994492,0,21264400,13
Bubble Sort,Aleatorio,1000,498939,253241,2010842,0,19972500,13
Bubble Sort,Aleatorio,1000,498465,244361,1974374,0,20653700,13
Bubble Sort,Aleatorio,1000,498680,250309,1998596,0,20558900,13
Insertion Sort,Aleatorio,1000,245926,245930,983724,0,19938900,12
Insertion Sort,Aleatorio,1000,259763,259766,1039066,0,16453700,12
Insertion Sort,Aleatorio,1000,256080,256075,1024324,0,15896500,12
Insertion Sort,Aleatorio,1000,248597,248588,994398,0,7558100,12
Insertion Sort,Aleatorio,1000,255612,255609,1022456,0,7680600,12
Insertion Sort,Aleatorio,1000,260769,260773,1043098,0,42436800,12
Insertion Sort,Aleatorio,1000,258553,258549,1034220,0,31057600,12
Insertion Sort,Aleatorio,1000,257506,257507,1030036,0,15543400,12
Insertion Sort,Aleatorio,1000,247900,247894,991610,0,16534700,12
Insertion Sort,Aleatorio,1000,248146,248144,992588,0,17114500,12
Insertion Sort,Aleatorio,1000,251745,251749,1006998,0,15676300,12
Insertion Sort,Aleatorio,1000,247131,247132,988538,0,18338300,12
Insertion Sort,Aleatorio,1000,244746,244747,979002,0,20329300,12
Insertion Sort,Aleatorio,1000,249388,249383,997564,0,16131400,12
Insertion Sort,Aleatorio,1000,249208,249202,996836,0,15913300,12
Insertion Sort,Aleatorio,1000,257817,257815,1031280,0,13155300,12
Insertion Sort,Aleatorio,1000,241234,241235,964950,0,12312900,12
Insertion Sort,Aleatorio,1000,262810,262809,1051250,0,14196200,12
Insertion Sort,Aleatorio,1000,245023,245027,980108,0,8337300,12
Insertion Sort,Aleatorio,1000,262911,262911,1051660,0,12270700,12
Insertion Sort,Aleatorio,1000,249989,249988,999968,0,7483800,12
Insertion Sort,Aleatorio,1000,237051,237056,948224,0,8611400,12
Insertion Sort,Aleatorio,1000,248499,248496,994000,0,13266000,12
Insertion Sort,Aleatorio,1000,251118,251120,1004492,0,8931100,12
Insertion Sort,Aleatorio,1000,252459,252458,1009848,0,11831100,12
Insertion Sort,Aleatorio,1000,242283,242287,969148,0,13920600,12
Insertion Sort,Aleatorio,1000,256066,256071,1024282,0,8056300,12
Insertion Sort,Aleatorio,1000,248973,248976,995910,0,9099700,12
Insertion Sort,Aleatorio,1000,256042,256041,1024180,0,7692100,12
Insertion Sort,Aleatorio,1000,258978,258982,1035934,0,7790200,12
Selection Sort,Aleatorio,1000,499500,990,1002960,0,17300500,12
Selection Sort,Aleatorio,1000,499500,994,1002976,0,14108200,12
Selection Sort,Aleatorio,1000,499500,995,1002980,0,17752000,12
Selection Sort,Aleatorio,1000,499500,994,1002976,0,23151200,12
Selection Sort,Aleatorio,1000,499500,994,1002976,0,17569600,12
Selection Sort,Aleatorio,1000,499500,998,1002992,0,19865400,12
Selection Sort,Aleatorio,1000,499500,994,1002976,0,15847800,12
Selection Sort,Aleatorio,1000,499500,991,1002964,0,24700700,12
Selection Sort,Aleatorio,1000,499500,993,1002972,0,15576000,12
Selection Sort,Aleatorio,1000,499500,996,1002984,0,13558500,12
Selection Sort,Aleatorio,1000,499500,994,1002976,0,11846000,12
Selection Sort,Aleatorio,1000,499500,996,1002984,0,14523100,12
Selection Sort,Aleatorio,1000,499500,991,1002964,0,26404200,12
Selection Sort,Aleatorio,1000,499500,994,1002976,0,19369900,12
Selection Sort,Aleatorio,1000,499500,990,1002960,0,19224400,12
Selection Sort,Aleatorio,1000,499500,993,1002972,0,17658700,12
Selection Sort,Aleatorio,1000,499500,995,1002980,0,16917300,12
Selection Sort,Aleatorio,1000,499500,993,1002972,0,11912500,12
Selection Sort,Aleatorio,1000,499500,993,1002972,0,19966700,12
Selection Sort,Aleatorio,1000,499500,995,1002980,0,19488300,12
Selection Sort,Aleatorio,1000,499500,995,1002980,0,16991000,12
Selection Sort,Aleatorio,1000,499500,994,1002976,0,10003800,12
Selection Sort,Aleatorio,1000,499500,991,1002964,0,12940300,12
Selection Sort,Aleatorio,1000,499500,989,1002956,0,14411500,12
Selection Sort,Aleatorio,1000,499500,990,1002960,0,16400100,12
Selection Sort,Aleatorio,1000,499500,993,1002972,0,10953600,12
Selection Sort,Aleatorio,1000,499500,994,1002976,0,28054700,12
Selection Sort,Aleatorio,1000,499500,993,1002972,0,18390900,12
Selection Sort,Aleatorio,1000,499500,996,1002984,0,16951300,12
Selection Sort,Aleatorio,1000,499500,992,1002968,0,11931500,12
Merge Sort,Aleatorio,1000,8707,1269,29928,11,1689200,39904
Merge Sort,Aleatorio,1000,8705,1271,29928,11,1704900,39904
Merge Sort,Aleatorio,1000,8668,1308,29928,11,1119700,39904
Merge Sort,Aleatorio,1000,8720,1256,29928,11,1694900,39904
Merge Sort,Aleatorio,1000,8714,1262,29928,11,2725200,39904
Merge Sort,Aleatorio,1000,8711,1265,29928,11,1698100,39904
Merge Sort,Aleatorio,1000,8718,1258,29928,11,4942900,39904
Merge Sort,Aleatorio,1000,8734,1242,29928,11,1996900,39904
Merge Sort,Aleatorio,1000,8717,1259,29928,11,1745200,39904
Merge Sort,Aleatorio,1000,8698,1278,29928,11,1101600,39904
Merge Sort,Aleatorio,1000,8709,1267,29928,11,2093900,39904
Merge Sort,Aleatorio,1000,8717,1259,29928,11,1967300,39904
Merge Sort,Aleatorio,1000,8747,1229,29928,11,1458000,39904
Merge Sort,Aleatorio,1000,8736,1240,29928,11,1704400,39904
Merge Sort,Aleatorio,1000,8701,1275,29928,11,1068500,39904
Merge Sort,Aleatorio,1000,8697,1279,29928,11,1708700,39904
Merge Sort,Aleatorio,1000,8714,1262,29928,11,1726700,39904
Merge Sort,Aleatorio,1000,8737,1239,29928,11,2174400,39904
Merge Sort,Aleatorio,1000,8706,1270,29928,11,1822000,39904
Merge Sort,Aleatorio,1000,8702,1274,29928,11,2429800,39904
Merge Sort,Aleatorio,1000,8724,1252,29928,11,2051300,39904
Merge Sort,Aleatorio,1000,8705,1271,29928,11,2248400,39904
Merge Sort,Aleatorio,1000,8709,1267,29928,11,5026100,39904
Merge Sort,Aleatorio,1000,8700,1276,29928,11,1816000,39904
Merge Sort,Aleatorio,1000,8726,1250,29928,11,1696000,39904
Merge Sort,Aleatorio,1000,8691,1285,29928,11,1890300,39904
Merge Sort,Aleatorio,1000,8710,1266,29928,11,1708500,39904
Merge Sort,Aleatorio,1000,8684,1292,29928,11,2175300,39904
Merge Sort,Aleatorio,1000,8717,1259,29928,11,1674900,39904
Merge Sort,Aleatorio,1000,8701,1275,29928,11,3142800,39904
Heap Sort,Aleatorio,1000,16854,9092,70076,0,1103400,12
Heap Sort,Aleatorio,1000,16882,9106,70188,0,1078600,12
Heap Sort,Aleatorio,1000,16900,9098,70192,0,1672400,12
Heap Sort,Aleatorio,1000,16862,9072,70012,0,1141400,12
Heap Sort,Aleatorio,1000,16827,9095,70034,0,1502700,12
Heap Sort,Aleatorio,1000,16860,9066,69984,0,1118400,12
Heap Sort,Aleatorio,1000,16870,9090,70100,0,1063400,12
Heap Sort,Aleatorio,1000,16850,9087,70048,0,1330200,12
Heap Sort,Aleatorio,1000,16877,9091,70118,0,1093400,12
Heap Sort,Aleatorio,1000,16846,9077,70000,0,1240400,12
Heap Sort,Aleatorio,1000,16859,9102,70126,0,1103000,12
Heap Sort,Aleatorio,1000,16812,9058,69856,0,1105700,12
Heap Sort,Aleatorio,1000,16930,9139,70416,0,1194600,12
Heap Sort,Aleatorio,1000,16867,9078,70046,0,1191200,12
Heap Sort,Aleatorio,1000,16870,9100,70140,0,1160700,12
Heap Sort,Aleatorio,1000,16816,9070,69912,0,1099700,12
Heap Sort,Aleatorio,1000,16878,9092,70124,0,1141400,12
Heap Sort,Aleatorio,1000,16847,9058,69926,0,1050000,12
Heap Sort,Aleatorio,1000,16922,9122,70332,0,1051400,12
Heap Sort,Aleatorio,1000,16820,9075,69940,0,1106600,12
Heap Sort,Aleatorio,1000,16811,9048,69814,0,1098000,12
Heap Sort,Aleatorio,1000,16877,9079,70070,0,1085300,12
Heap Sort,Aleatorio,1000,16853,9089,70062,0,1043700,12
Heap Sort,Aleatorio,1000,16870,9082,70068,0,1185800,12
Heap Sort,Aleatorio,1000,16813,9068,69898,0,1168500,12
Heap Sort,Aleatorio,1000,16881,9104,70178,0,1091200,12
Heap Sort,Aleatorio,1000,16865,9089,70086,0,1147800,12
Heap Sort,Aleatorio,1000,16833,9088,70018,0,1126300,12
Heap Sort,Aleatorio,1000,16842,9081,70008,0,1151600,12
Heap Sort,Aleatorio,1000,16843,9068,69958,0,1265500,12
Shell Sort,Aleatorio,1000,13794,12239,56080,0,854800,16
Shell Sort,Aleatorio,1000,14418,12803,58528,0,1041500,16
Shell Sort,Aleatorio,1000,13562,11998,55202,0,835200,16
Shell Sort,Aleatorio,1000,13553,11918,55078,0,902500,16
Shell Sort,Aleatorio,1000,13306,11600,54024,0,821000,16
Shell Sort,Aleatorio,1000,12989,11323,52840,0,881300,16
Shell Sort,Aleatorio,1000,13947,12355,56670,0,884600,16
Shell Sort,Aleatorio,1000,14072,12455,57172,0,899700,16
Shell Sort,Aleatorio,1000,13803,12250,56138,0,927700,16
Shell Sort,Aleatorio,1000,15423,13939,62560,0,957800,16
Shell Sort,Aleatorio,1000,13784,12130,55986,0,918800,16
Shell Sort,Aleatorio,1000,14422,12784,58524,0,916200,16
Shell Sort,Aleatorio,1000,13803,12185,56128,0,946700,16
Shell Sort,Aleatorio,1000,13692,12075,55674,0,847500,16
Shell Sort,Aleatorio,1000,13705,12070,55722,0,948200,16
Shell Sort,Aleatorio,1000,14330,12759,58208,0,910800,16
Shell Sort,Aleatorio,1000,13297,11673,54064,0,822900,16
Shell Sort,Aleatorio,1000,13580,11976,55218,0,885800,16
Shell Sort,Aleatorio,1000,13503,11864,54866,0,857600,16
Shell Sort,Aleatorio,1000,13931,12358,56642,0,893100,16
Shell Sort,Aleatorio,1000,13721,12122,55786,0,929600,16
Shell Sort,Aleatorio,1000,13860,12235,56312,0,905300,16
Shell Sort,Aleatorio,1000,13802,12199,56096,0,934900,16
Shell Sort,Aleatorio,1000,13694,12076,55666,0,852100,16
Shell Sort,Aleatorio,1000,14394,12871,58510,0,902100,16
Shell Sort,Aleatorio,1000,13939,12277,56604,0,1013400,16
Shell Sort,Aleatorio,1000,13592,11951,55224,0,909800,16
Shell Sort,Aleatorio,1000,13589,11972,55276,0,1078300,16
Shell Sort,Aleatorio,1000,13568,11965,55160,0,936100,16
Shell Sort,Aleatorio,1000,13787,12143,55988,0,902800,16
Quick Sort,Aleatorio,1000,12024,8017,56789,21,1554700,252
Quick Sort,Aleatorio,1000,10395,5934,45185,20,592700,240
Quick Sort,Aleatorio,1000,10191,6313,46304,19,1016700,228
Quick Sort,Aleatorio,1000,10371,5578,43717,21,581400,252
Quick Sort,Aleatorio,1000,10949,6162,47204,20,622200,240
Quick Sort,Aleatorio,1000,10812,5649,44887,22,605300,264
Quick Sort,Aleatorio,1000,11039,6249,47745,21,607600,252
Quick Sort,Aleatorio,1000,10300,5710,44103,20,697500,240
Quick Sort,Aleatorio,1000,10354,5753,44387,20,596300,240
Quick Sort,Aleatorio,1000,11356,6039,47540,22,615900,264
Quick Sort,Aleatorio,1000,10780,6990,50179,21,649400,252
Quick Sort,Aleatorio,1000,11749,5661,46794,26,614400,312
Quick Sort,Aleatorio,1000,11097,5912,46499,23,600100,276
Quick Sort,Aleatorio,1000,11422,6743,50484,24,656000,288
Quick Sort,Aleatorio,1000,11312,7048,51487,22,666000,264
Quick Sort,Aleatorio,1000,11075,6678,49526,26,695000,312
Quick Sort,Aleatorio,1000,11499,6121,48158,24,630800,288
Quick Sort,Aleatorio,1000,11489,6013,47688,21,616500,252
Quick Sort,Aleatorio,1000,10587,5759,44875,22,582300,264
Quick Sort,Aleatorio,1000,12481,5728,48530,25,577300,300
Quick Sort,Aleatorio,1000,10591,5800,45035,22,595100,264
Quick Sort,Aleatorio,1000,11361,5802,46591,23,583400,276
Quick Sort,Aleatorio,1000,10987,6528,48755,21,677800,252
Quick Sort,Aleatorio,1000,10422,6282,46635,21,612600,252
Quick Sort,Aleatorio,1000,10646,5275,43060,21,640800,252
Quick Sort,Aleatorio,1000,11831,6983,52270,23,698100,276
Quick Sort,Aleatorio,1000,10900,6272,47552,22,623000,264
Quick Sort,Aleatorio,1000,11533,6416,49398,24,641800,288
Quick Sort,Aleatorio,1000,12068,7779,55926,23,711000,276
Quick Sort,Aleatorio,1000,10672,6155,46625,23,602100,276
Quick Random,Aleatorio,1000,10676,6359,47458,21,638300,252
Quick Random,Aleatorio,1000,10664,7189,50758,22,695600,264
Quick Random,Aleatorio,1000,12367,7484,55342,23,789900,276
Quick Random,Aleatorio,1000,11522,6956,51540,25,692600,300
Quick Random,Aleatorio,1000,10886,6143,47011,21,660700,252
Quick Random,Aleatorio,1000,10998,7399,52264,22,967400,264
Quick Random,Aleatorio,1000,11793,7702,55059,22,697700,264
Quick Random,Aleatorio,1000,10600,6783,49000,22,710900,264
Quick Random,Aleatorio,1000,12749,7317,55429,24,562100,288
Quick Random,Aleatorio,1000,10905,6216,47347,21,623500,252
Quick Random,Aleatorio,1000,11789,8624,58737,23,587600,276
Quick Random,Aleatorio,1000,10455,6775,48680,23,666200,276
Quick Random,Aleatorio,1000,10749,6788,49323,22,625200,264
Quick Random,Aleatorio,1000,10561,5772,44870,23,590600,276
Quick Random,Aleatorio,1000,12577,8275,58905,23,778800,276
Quick Random,Aleatorio,1000,10670,7152,50609,22,694700,264
Quick Random,Aleatorio,1000,10856,6286,47522,24,625700,288
Quick Random,Aleatorio,1000,11426,5992,47485,25,658200,300
Quick Random,Aleatorio,1000,11893,6698,51247,23,744300,276
Quick Random,Aleatorio,1000,10862,6479,48297,23,662000,276
Quick Random,Aleatorio,1000,12572,9007,61846,26,974900,312
Quick Random,Aleatorio,1000,10272,6089,45565,21,637800,252
Quick Random,Aleatorio,1000,10996,6841,50027,23,652000,276
Quick Random,Aleatorio,1000,10897,7381,51991,21,704600,252
Quick Random,Aleatorio,1000,10992,7224,51544,22,850500,264
Quick Random,Aleatorio,1000,11958,6764,51637,23,696500,276
Quick Random,Aleatorio,1000,10697,7368,51529,24,668000,288
Quick Random,Aleatorio,1000,10981,6190,47387,21,662100,252
Quick Random,Aleatorio,1000,10981,5971,46521,21,610100,252
Quick Random,Aleatorio,1000,10918,6934,50248,21,691700,252
Bubble Sort,Ordenado,1000,999,0,1998,0,36400,13
Bubble Sort,Ordenado,1000,999,0,1998,0,32300,13
Bubble Sort,Ordenado,1000,999,0,1998,0,36000,13
Bubble Sort,Ordenado,1000,999,0,1998,0,29800,13
Bubble Sort,Ordenado,1000,999,0,1998,0,33800,13
Bubble Sort,Ordenado,1000,999,0,1998,0,79700,13
Bubble Sort,Ordenado,1000,999,0,1998,0,30800,13
Bubble Sort,Ordenado,1000,999,0,1998,0,30600,13
Bubble Sort,Ordenado,1000,999,0,1998,0,31000,13
Bubble Sort,Ordenado,1000,999,0,1998,0,34400,13
Bubble Sort,Ordenado,1000,999,0,1998,0,30000,13
Bubble Sort,Ordenado,1000,999,0,1998,0,30100,13
Bubble Sort,Ordenado,1000,999,0,1998,0,31200,13
Bubble Sort,Ordenado,1000,999,0,1998,0,30800,13
Bubble Sort,Ordenado,1000,999,0,1998,0,32600,13
Bubble Sort,Ordenado,1000,999,0,1998,0,33800,13
Bubble Sort,Ordenado,1000,999,0,1998,0,30700,13
Bubble Sort,Ordenado,1000,999,0,1998,0,31000,13
Bubble Sort,Ordenado,1000,999,0,1998,0,47100,13
Bubble Sort,Ordenado,1000,999,0,1998,0,34800,13
Bubble Sort,Ordenado,1000,999,0,1998,0,34900,13
Bubble Sort,Ordenado,1000,999,0,1998,0,32200,13
Bubble Sort,Ordenado,1000,999,0,1998,0,31000,13
Bubble Sort,Ordenado,1000,999,0,1998,0,32300,13
Bubble Sort,Ordenado,1000,999,0,1998,0,32400,13
Bubble Sort,Ordenado,1000,999,0,1998,0,30700,13
Bubble Sort,Ordenado,1000,999,0,1998,0,31100,13
Bubble Sort,Ordenado,1000,999,0,1998,0,30300,13
Bubble Sort,Ordenado,1000,999,0,1998,0,30700,13
Bubble Sort,Ordenado,1000,999,0,1998,0,30200,13
Insertion Sort,Ordenado,1000,999,0,3996,0,50400,12
Insertion Sort,Ordenado,1000,999,0,3996,0,82500,12
Insertion Sort,Ordenado,1000,999,0,3996,0,47900,12
Insertion Sort,Ordenado,1000,999,0,3996,0,85400,12
Insertion Sort,Ordenado,1000,999,0,3996,0,52500,12
Insertion Sort,Ordenado,1000,999,0,3996,0,52800,12
Insertion Sort,Ordenado,1000,999,0,3996,0,52900,12
Insertion Sort,Ordenado,1000,999,0,3996,0,48300,12
Insertion Sort,Ordenado,1000,999,0,3996,0,47900,12
Insertion Sort,Ordenado,1000,999,0,3996,0,48800,12
Insertion Sort,Ordenado,1000,999,0,3996,0,73500,12
Insertion Sort,Ordenado,1000,999,0,3996,0,48900,12
Insertion Sort,Ordenado,1000,999,0,3996,0,70000,12
Insertion Sort,Ordenado,1000,999,0,3996,0,65300,12
Insertion Sort,Ordenado,1000,999,0,3996,0,48000,12
Insertion Sort,Ordenado,1000,999,0,3996,0,51700,12
Insertion Sort,Ordenado,1000,999,0,3996,0,47600,12
Insertion Sort,Ordenado,1000,999,0,3996,0,47500,12
Insertion Sort,Ordenado,1000,999,0,3996,0,83600,12
Insertion Sort,Ordenado,1000,999,0,3996,0,46900,12
Insertion Sort,Ordenado,1000,999,0,3996,0,48600,12
Insertion Sort,Ordenado,1000,999,0,3996,0,48600,12
Insertion Sort,Ordenado,1000,999,0,3996,0,84500,12
Insertion Sort,Ordenado,1000,999,0,3996,0,48200,12
Insertion Sort,Ordenado,1000,999,0,3996,0,49000,12
Insertion Sort,Ordenado,1000,999,0,3996,0,81200,12
Insertion Sort,Ordenado,1000,999,0,3996,0,83300,12
Insertion Sort,Ordenado,1000,999,0,3996,0,48400,12
Insertion Sort,Ordenado,1000,999,0,3996,0,85100,12
Insertion Sort,Ordenado,1000,999,0,3996,0,100600,12
Selection Sort,Ordenado,1000,499500,0,999000,0,19037400,12
Selection Sort,Ordenado,1000,499500,0,999000,0,20913400,12
Selection Sort,Ordenado,1000,499500,0,999000,0,17908400,12
Selection Sort,Ordenado,1000,499500,0,999000,0,17169100,12
Selection Sort,Ordenado,1000,499500,0,999000,0,17642400,12
Selection Sort,Ordenado,1000,499500,0,999000,0,17026300,12
Selection Sort,Ordenado,1000,499500,0,999000,0,17291800,12
Selection Sort,Ordenado,1000,499500,0,999000,0,17401500,12
Selection Sort,Ordenado,1000,499500,0,999000,0,17119500,12
Selection Sort,Ordenado,1000,499500,0,999000,0,16538600,12
Selection Sort,Ordenado,1000,499500,0,999000,0,17092500,12
Selection Sort,Ordenado,1000,499500,0,999000,0,17753000,12
Selection Sort,Ordenado,1000,499500,0,999000,0,15744700,12
Selection Sort,Ordenado,1000,499500,0,999000,0,16159400,12
Selection Sort,Ordenado,1000,499500,0,999000,0,16824500,12
Selection Sort,Ordenado,1000,499500,0,999000,0,17167300,12
Selection Sort,Ordenado,1000,499500,0,999000,0,16583200,12
Selection Sort,Ordenado,1000,499500,0,999000,0,20775100,12
Selection Sort,Ordenado,1000,499500,0,999000,0,17450000,12
Selection Sort,Ordenado,1000,499500,0,999000,0,16453000,12
Selection Sort,Ordenado,1000,499500,0,999000,0,15925800,12
Selection Sort,Ordenado,1000,499500,0,999000,0,16257900,12
Selection Sort,Ordenado,1000,499500,0,999000,0,16795800,12
Selection Sort,Ordenado,1000,499500,0,999000,0,18505700,12
Selection Sort,Ordenado,1000,499500,0,999000,0,16777900,12
Selection Sort,Ordenado,1000,499500,0,999000,0,20051700,12
Selection Sort,Ordenado,1000,499500,0,999000,0,17872700,12
Selection Sort,Ordenado,1000,499500,0,999000,0,28386000,12
Selection Sort,Ordenado,1000,499500,0,999000,0,17400400,12
Selection Sort,Ordenado,1000,499500,0,999000,0,17772800,12
Merge Sort,Ordenado,1000,5044,4932,29928,11,1633500,39904
Merge Sort,Ordenado,1000,5044,4932,29928,11,1624500,39904
Merge Sort,Ordenado,1000,5044,4932,29928,11,1905900,39904
Merge Sort,Ordenado,1000,5044,4932,29928,11,1418200,39904
Merge Sort,Ordenado,1000,5044,4932,29928,11,1872900,39904
Merge Sort,Ordenado,1000,5044,4932,29928,11,1546200,39904
Merge Sort,Ordenado,1000,5044,4932,29928,11,1592400,39904
Merge Sort,Ordenado,1000,5044,4932,29928,11,1779000,39904
Merge Sort,Ordenado,1000,5044,4932,29928,11,1622000,39904
Merge Sort,Ordenado,1000,5044,4932,29928,11,1483800,39904
Merge Sort,Ordenado,1000,5044,4932,29928,11,1529400,39904
Merge Sort,Ordenado,1000,5044,4932,29928,11,1521100,39904
Merge Sort,Ordenado,1000,5044,4932,29928,11,3746300,39904
Merge Sort,Ordenado,1000,5044,4932,29928,11,1805700,39904
Merge Sort,Ordenado,1000,5044,4932,29928,11,1952300,39904
Merge Sort,Ordenado,1000,5044,4932,29928,11,1505500,39904
Merge Sort,Ordenado,1000,5044,4932,29928,11,2121600,39904
Merge Sort,Ordenado,1000,5044,4932,29928,11,1502000,39904
Merge Sort,Ordenado,1000,5044,4932,29928,11,1888200,39904
Merge Sort,Ordenado,1000,5044,4932,29928,11,1532000,39904
Merge Sort,Ordenado,1000,5044,4932,29928,11,1602100,39904
Merge Sort,Ordenado,1000,5044,4932,29928,11,1504900,39904
Merge Sort,Ordenado,1000,5044,4932,29928,11,1429000,39904
Merge Sort,Ordenado,1000,5044,4932,29928,11,2028400,39904
Merge Sort,Ordenado,1000,5044,4932,29928,11,1883900,39904
Merge Sort,Ordenado,1000,5044,4932,29928,11,1584200,39904
Merge Sort,Ordenado,1000,5044,4932,29928,11,1565400,39904
Merge Sort,Ordenado,1000,5044,4932,29928,11,2147700,39904
Merge Sort,Ordenado,1000,5044,4932,29928,11,1717900,39904
Merge Sort,Ordenado,1000,5044,4932,29928,11,1553300,39904
Heap Sort,Ordenado,1000,17583,9708,73998,0,1076800,12
Heap Sort,Ordenado,1000,17583,9708,73998,0,1489300,12
Heap Sort,Ordenado,1000,17583,9708,73998,0,1927000,12
Heap Sort,Ordenado,1000,17583,9708,73998,0,1142100,12
Heap Sort,Ordenado,1000,17583,9708,73998,0,1147900,12
Heap Sort,Ordenado,1000,17583,9708,73998,0,1109500,12
Heap Sort,Ordenado,1000,17583,9708,73998,0,1103000,12
Heap Sort,Ordenado,1000,17583,9708,73998,0,1073700,12
Heap Sort,Ordenado,1000,17583,9708,73998,0,1116200,12
Heap Sort,Ordenado,1000,17583,9708,73998,0,1085400,12
Heap Sort,Ordenado,1000,17583,9708,73998,0,1130400,12
Heap Sort,Ordenado,1000,17583,9708,73998,0,1162900,12
Heap Sort,Ordenado,1000,17583,9708,73998,0,1363400,12
Heap Sort,Ordenado,1000,17583,9708,73998,0,1195600,12
Heap Sort,Ordenado,1000,17583,9708,73998,0,1123400,12
Heap Sort,Ordenado,1000,17583,9708,73998,0,1219000,12
Heap Sort,Ordenado,1000,17583,9708,73998,0,1143700,12
Heap Sort,Ordenado,1000,17583,9708,73998,0,1154000,12
Heap Sort,Ordenado,1000,17583,9708,73998,0,1158100,12
Heap Sort,Ordenado,1000,17583,9708,73998,0,1133500,12
Heap Sort,Ordenado,1000,17583,9708,73998,0,1164200,12
Heap Sort,Ordenado,1000,17583,9708,73998,0,1994400,12
Heap Sort,Ordenado,1000,17583,9708,73998,0,1430500,12
Heap Sort,Ordenado,1000,17583,9708,73998,0,1185100,12
Heap Sort,Ordenado,1000,17583,9708,73998,0,1145200,12
Heap Sort,Ordenado,1000,17583,9708,73998,0,1398400,12
Heap Sort,Ordenado,1000,17583,9708,73998,0,1037200,12
Heap Sort,Ordenado,1000,17583,9708,73998,0,858800,12
Heap Sort,Ordenado,1000,17583,9708,73998,0,1147600,12
Heap Sort,Ordenado,1000,17583,9708,73998,0,1217900,12
Shell Sort,Ordenado,1000,5457,0,21828,0,398600,16
Shell Sort,Ordenado,1000,5457,0,21828,0,291100,16
Shell Sort,Ordenado,1000,5457,0,21828,0,290100,16
Shell Sort,Ordenado,1000,5457,0,21828,0,352400,16
Shell Sort,Ordenado,1000,5457,0,21828,0,300900,16
Shell Sort,Ordenado,1000,5457,0,21828,0,313300,16
Shell Sort,Ordenado,1000,5457,0,21828,0,268100,16
Shell Sort,Ordenado,1000,5457,0,21828,0,304500,16
Shell Sort,Ordenado,1000,5457,0,21828,0,318800,16
Shell Sort,Ordenado,1000,5457,0,21828,0,276400,16
Shell Sort,Ordenado,1000,5457,0,21828,0,279400,16
Shell Sort,Ordenado,1000,5457,0,21828,0,292000,16
Shell Sort,Ordenado,1000,5457,0,21828,0,293800,16
Shell Sort,Ordenado,1000,5457,0,21828,0,278700,16
Shell Sort,Ordenado,1000,5457,0,21828,0,273600,16
Shell Sort,Ordenado,1000,5457,0,21828,0,303700,16
Shell Sort,Ordenado,1000,5457,0,21828,0,303700,16
Shell Sort,Ordenado,1000,5457,0,21828,0,310400,16
Shell Sort,Ordenado,1000,5457,0,21828,0,317800,16
Shell Sort,Ordenado,1000,5457,0,21828,0,313400,16
Shell Sort,Ordenado,1000,5457,0,21828,0,310700,16
Shell Sort,Ordenado,1000,5457,0,21828,0,274200,16
Shell Sort,Ordenado,1000,5457,0,21828,0,279400,16
Shell Sort,Ordenado,1000,5457,0,21828,0,285000,16
Shell Sort,Ordenado,1000,5457,0,21828,0,315100,16
Shell Sort,Ordenado,1000,5457,0,21828,0,305000,16
Shell Sort,Ordenado,1000,5457,0,21828,0,281000,16
Shell Sort,Ordenado,1000,5457,0,21828,0,350800,16
Shell Sort,Ordenado,1000,5457,0,21828,0,278300,16
Shell Sort,Ordenado,1000,5457,0,21828,0,305100,16
Quick Sort,Ordenado,1000,499500,500499,3001995,1000,27878700,12000
Quick Sort,Ordenado,1000,499500,500499,3001995,1000,24531700,12000
Quick Sort,Ordenado,1000,499500,500499,3001995,1000,28886600,12000
Quick Sort,Ordenado,1000,499500,500499,3001995,1000,21687200,12000
Quick Sort,Ordenado,1000,499500,500499,3001995,1000,31388700,12000
Quick Sort,Ordenado,1000,499500,500499,3001995,1000,27744400,12000
Quick Sort,Ordenado,1000,499500,500499,3001995,1000,25260100,12000
Quick Sort,Ordenado,1000,499500,500499,3001995,1000,32092300,12000
Quick Sort,Ordenado,1000,499500,500499,3001995,1000,31802200,12000
Quick Sort,Ordenado,1000,499500,500499,3001995,1000,28212900,12000
Quick Sort,Ordenado,1000,499500,500499,3001995,1000,32688300,12000
Quick Sort,Ordenado,1000,499500,500499,3001995,1000,28923600,12000
Quick Sort,Ordenado,1000,499500,500499,3001995,1000,35534400,12000
Quick Sort,Ordenado,1000,499500,500499,3001995,1000,36100300,12000
Quick Sort,Ordenado,1000,499500,500499,3001995,1000,29073000,12000
Quick Sort,Ordenado,1000,499500,500499,3001995,1000,31067600,12000
Quick Sort,Ordenado,1000,499500,500499,3001995,1000,23385300,12000
Quick Sort,Ordenado,1000,499500,500499,3001995,1000,30000400,12000
Quick Sort,Ordenado,1000,499500,500499,3001995,1000,26934400,12000
Quick Sort,Ordenado,1000,499500,500499,3001995,1000,23676200,12000
Quick Sort,Ordenado,1000,499500,500499,3001995,1000,24042300,12000
Quick Sort,Ordenado,1000,499500,500499,3001995,1000,27654900,12000
Quick Sort,Ordenado,1000,499500,500499,3001995,1000,23129800,12000
Quick Sort,Ordenado,1000,499500,500499,3001995,1000,20458800,12000
Quick Sort,Ordenado,1000,499500,500499,3001995,1000,19847800,12000
Quick Sort,Ordenado,1000,499500,500499,3001995,1000,22925700,12000
Quick Sort,Ordenado,1000,499500,500499,3001995,1000,21597300,12000
Quick Sort,Ordenado,1000,499500,500499,3001995,1000,20168700,12000
Quick Sort,Ordenado,1000,499500,500499,3001995,1000,20710800,12000
Quick Sort,Ordenado,1000,499500,500499,3001995,1000,28419100,12000
Quick Random,Ordenado,1000,10963,6596,48989,22,778300,264
Quick Random,Ordenado,1000,10963,6596,48989,22,615300,264
Quick Random,Ordenado,1000,10963,6596,48989,22,617100,264
Quick Random,Ordenado,1000,10963,6596,48989,22,1037900,264
Quick Random,Ordenado,1000,10963,6596,48989,22,445600,264
Quick Random,Ordenado,1000,10963,6596,48989,22,636800,264
Quick Random,Ordenado,1000,10963,6596,48989,22,441600,264
Quick Random,Ordenado,1000,10963,6596,48989,22,621200,264
Quick Random,Ordenado,1000,10963,6596,48989,22,484000,264
Quick Random,Ordenado,1000,10963,6596,48989,22,577600,264
Quick Random,Ordenado,1000,10963,6596,48989,22,645500,264
Quick Random,Ordenado,1000,10963,6596,48989,22,491500,264
Quick Random,Ordenado,1000,10963,6596,48989,22,549800,264
Quick Random,Ordenado,1000,10963,6596,48989,22,441600,264
Quick Random,Ordenado,1000,10963,6596,48989,22,588400,264
Quick Random,Ordenado,1000,10963,6596,48989,22,487600,264
Quick Random,Ordenado,1000,10963,6596,48989,22,488900,264
Quick Random,Ordenado,1000,10963,6596,48989,22,480200,264
Quick Random,Ordenado,1000,10963,6596,48989,22,554000,264
Quick Random,Ordenado,1000,10963,6596,48989,22,843800,264
Quick Random,Ordenado,1000,10963,6596,48989,22,588400,264
Quick Random,Ordenado,1000,10963,6596,48989,22,452000,264
Quick Random,Ordenado,1000,10963,6596,48989,22,612800,264
Quick Random,Ordenado,1000,10963,6596,48989,22,589100,264
Quick Random,Ordenado,1000,10963,6596,48989,22,609200,264
Quick Random,Ordenado,1000,10963,6596,48989,22,564500,264
Quick Random,Ordenado,1000,10963,6596,48989,22,617000,264
Quick Random,Ordenado,1000,10963,6596,48989,22,479700,264
Quick Random,Ordenado,1000,10963,6596,48989,22,482600,264
Quick Random,Ordenado,1000,10963,6596,48989,22,483300,264
Bubble Sort,Reverso,1000,499500,499500,2997000,0,32088300,13
Bubble Sort,Reverso,1000,499500,499500,2997000,0,26008200,13
Bubble Sort,Reverso,1000,499500,499500,2997000,0,28079400,13
Bubble Sort,Reverso,1000,499500,499500,2997000,0,30554300,13
Bubble Sort,Reverso,1000,499500,499500,2997000,0,40684200,13
Bubble Sort,Reverso,1000,499500,499500,2997000,0,38686400,13
Bubble Sort,Reverso,1000,499500,499500,2997000,0,36016700,13
Bubble Sort,Reverso,1000,499500,499500,2997000,0,34042000,13
Bubble Sort,Reverso,1000,499500,499500,2997000,0,33269600,13
Bubble Sort,Reverso,1000,499500,499500,2997000,0,30346200,13
Bubble Sort,Reverso,1000,499500,499500,2997000,0,30475600,13
Bubble Sort,Reverso,1000,499500,499500,2997000,0,24254200,13
Bubble Sort,Reverso,1000,499500,499500,2997000,0,29932600,13
Bubble Sort,Reverso,1000,499500,499500,2997000,0,24165600,13
Bubble Sort,Reverso,1000,499500,499500,2997000,0,26251000,13
Bubble Sort,Reverso,1000,499500,499500,2997000,0,24503800,13
Bubble Sort,Reverso,1000,499500,499500,2997000,0,25909500,13
Bubble Sort,Reverso,1000,499500,499500,2997000,0,24861700,13
Bubble Sort,Reverso,1000,499500,499500,2997000,0,30747600,13
Bubble Sort,Reverso,1000,499500,499500,2997000,0,24300400,13
Bubble Sort,Reverso,1000,499500,499500,2997000,0,34911200,13
Bubble Sort,Reverso,1000,499500,499500,2997000,0,34935300,13
Bubble Sort,Reverso,1000,499500,499500,2997000,0,32465100,13
Bubble Sort,Reverso,1000,499500,499500,2997000,0,40807100,13
Bubble Sort,Reverso,1000,499500,499500,2997000,0,37899200,13
Bubble Sort,Reverso,1000,499500,499500,2997000,0,45850500,13
Bubble Sort,Reverso,1000,499500,499500,2997000,0,40471600,13
Bubble Sort,Reverso,1000,499500,499500,2997000,0,36220500,13
Bubble Sort,Reverso,1000,499500,499500,2997000,0,39066700,13
Bubble Sort,Reverso,1000,499500,499500,2997000,0,33482900,13
Insertion Sort,Reverso,1000,499500,500499,1999998,0,25956300,12
Insertion Sort,Reverso,1000,499500,500499,1999998,0,29941700,12
Insertion Sort,Reverso,1000,499500,500499,1999998,0,23036100,12
Insertion Sort,Reverso,1000,499500,500499,1999998,0,25275700,12
Insertion Sort,Reverso,1000,499500,500499,1999998,0,22697400,12
Insertion Sort,Reverso,1000,499500,500499,1999998,0,34025900,12
Insertion Sort,Reverso,1000,499500,500499,1999998,0,22836000,12
Insertion Sort,Reverso,1000,499500,500499,1999998,0,26560200,12
Insertion Sort,Reverso,1000,499500,500499,1999998,0,25259300,12
Insertion Sort,Reverso,1000,499500,500499,1999998,0,26480600,12
Insertion Sort,Reverso,1000,499500,500499,1999998,0,25073200,12
Insertion Sort,Reverso,1000,499500,500499,1999998,0,21772500,12
Insertion Sort,Reverso,1000,499500,500499,1999998,0,25024100,12
Insertion Sort,Reverso,1000,499500,500499,1999998,0,24744800,12
Insertion Sort,Reverso,1000,499500,500499,1999998,0,21473200,12
Insertion Sort,Reverso,1000,499500,500499,1999998,0,26052700,12
Insertion Sort,Reverso,1000,499500,500499,1999998,0,22623000,12
Insertion Sort,Reverso,1000,499500,500499,1999998,0,22154400,12
Insertion Sort,Reverso,1000,499500,500499,1999998,0,28771900,12
Insertion Sort,Reverso,1000,499500,500499,1999998,0,25971600,12
Insertion Sort,Reverso,1000,499500,500499,1999998,0,20714200,12
Insertion Sort,Reverso,1000,499500,500499,1999998,0,18133700,12
Insertion Sort,Reverso,1000,499500,500499,1999998,0,27184900,12
Insertion Sort,Reverso,1000,499500,500499,1999998,0,24532500,12
Insertion Sort,Reverso,1000,499500,500499,1999998,0,23546900,12
Insertion Sort,Reverso,1000,499500,500499,1999998,0,29479700,12
Insertion Sort,Reverso,1000,499500,500499,1999998,0,27557900,12
Insertion Sort,Reverso,1000,499500,500499,1999998,0,21429200,12
Insertion Sort,Reverso,1000,499500,500499,1999998,0,26768600,12
Insertion Sort,Reverso,1000,499500,500499,1999998,0,21292400,12
Selection Sort,Reverso,1000,499500,500,1001000,0,21618800,12
Selection Sort,Reverso,1000,499500,500,1001000,0,23886300,12
Selection Sort,Reverso,1000,499500,500,1001000,0,16629100,12
Selection Sort,Reverso,1000,499500,500,1001000,0,14966000,12
Selection Sort,Reverso,1000,499500,500,1001000,0,16717400,12
Selection Sort,Reverso,1000,499500,500,1001000,0,14685000,12
Selection Sort,Reverso,1000,499500,500,1001000,0,16618700,12
Selection Sort,Reverso,1000,499500,500,1001000,0,16143300,12
Selection Sort,Reverso,1000,499500,500,1001000,0,10134100,12
Selection Sort,Reverso,1000,499500,500,1001000,0,15818800,12
Selection Sort,Reverso,1000,499500,500,1001000,0,16491500,12
Selection Sort,Reverso,1000,499500,500,1001000,0,16591500,12
Selection Sort,Reverso,1000,499500,500,1001000,0,13433800,12
Selection Sort,Reverso,1000,499500,500,1001000,0,16302300,12
Selection Sort,Reverso,1000,499500,500,1001000,0,16313600,12
Selection Sort,Reverso,1000,499500,500,1001000,0,16575600,12
Selection Sort,Reverso,1000,499500,500,1001000,0,12538900,12
Selection Sort,Reverso,1000,499500,500,1001000,0,16281300,12
Selection Sort,Reverso,1000,499500,500,1001000,0,16663900,12
Selection Sort,Reverso,1000,499500,500,1001000,0,17610200,12
Selection Sort,Reverso,1000,499500,500,1001000,0,16706700,12
Selection Sort,Reverso,1000,499500,500,1001000,0,16638200,12
Selection Sort,Reverso,1000,499500,500,1001000,0,16855500,12
Selection Sort,Reverso,1000,499500,500,1001000,0,12193800,12
Selection Sort,Reverso,1000,499500,500,1001000,0,14152400,12
Selection Sort,Reverso,1000,499500,500,1001000,0,17125200,12
Selection Sort,Reverso,1000,499500,500,1001000,0,17292100,12
Selection Sort,Reverso,1000,499500,500,1001000,0,13859700,12
Selection Sort,Reverso,1000,499500,500,1001000,0,12840000,12
Selection Sort,Reverso,1000,499500,500,1001000,0,16922100,12
Merge Sort,Reverso,1000,4932,5044,29928,11,1528300,39904
Merge Sort,Reverso,1000,4932,5044,29928,11,1877600,39904
Merge Sort,Reverso,1000,4932,5044,29928,11,1656700,39904
Merge Sort,Reverso,1000,4932,5044,29928,11,1534800,39904
Merge Sort,Reverso,1000,4932,5044,29928,11,1506900,39904
Merge Sort,Reverso,1000,4932,5044,29928,11,1462300,39904
Merge Sort,Reverso,1000,4932,5044,29928,11,1501500,39904
Merge Sort,Reverso,1000,4932,5044,29928,11,1541500,39904
Merge Sort,Reverso,1000,4932,5044,29928,11,1505100,39904
Merge Sort,Reverso,1000,4932,5044,29928,11,1669700,39904
Merge Sort,Reverso,1000,4932,5044,29928,11,1076100,39904
Merge Sort,Reverso,1000,4932,5044,29928,11,1488900,39904
Merge Sort,Reverso,1000,4932,5044,29928,11,1561000,39904
Merge Sort,Reverso,1000,4932,5044,29928,11,1466000,39904
Merge Sort,Reverso,1000,4932,5044,29928,11,939500,39904
Merge Sort,Reverso,1000,4932,5044,29928,11,1513500,39904
Merge Sort,Reverso,1000,4932,5044,29928,11,921200,39904
Merge Sort,Reverso,1000,4932,5044,29928,11,939300,39904
Merge Sort,Reverso,1000,4932,5044,29928,11,1052200,39904
Merge Sort,Reverso,1000,4932,5044,29928,11,1564500,39904
Merge Sort,Reverso,1000,4932,5044,29928,11,938300,39904
Merge Sort,Reverso,1000,4932,5044,29928,11,943000,39904
Merge Sort,Reverso,1000,4932,5044,29928,11,1746300,39904
Merge Sort,Reverso,1000,4932,5044,29928,11,939200,39904
Merge Sort,Reverso,1000,4932,5044,29928,11,938700,39904
Merge Sort,Reverso,1000,4932,5044,29928,11,957800,39904
Merge Sort,Reverso,1000,4932,5044,29928,11,934900,39904
Merge Sort,Reverso,1000,4932,5044,29928,11,960300,39904
Merge Sort,Reverso,1000,4932,5044,29928,11,934000,39904
Merge Sort,Reverso,1000,4932,5044,29928,11,974200,39904
Heap Sort,Reverso,1000,15965,8316,65194,0,753900,12
Heap Sort,Reverso,1000,15965,8316,65194,0,981100,12
Heap Sort,Reverso,1000,15965,8316,65194,0,707400,12
Heap Sort,Reverso,1000,15965,8316,65194,0,718600,12
Heap Sort,Reverso,1000,15965,8316,65194,0,1083700,12
Heap Sort,Reverso,1000,15965,8316,65194,0,708700,12
Heap Sort,Reverso,1000,15965,8316,65194,0,741300,12
Heap Sort,Reverso,1000,15965,8316,65194,0,721000,12
Heap Sort,Reverso,1000,15965,8316,65194,0,715600,12
Heap Sort,Reverso,1000,15965,8316,65194,0,1002000,12
Heap Sort,Reverso,1000,15965,8316,65194,0,751400,12
Heap Sort,Reverso,1000,15965,8316,65194,0,737000,12
Heap Sort,Reverso,1000,15965,8316,65194,0,2061700,12
Heap Sort,Reverso,1000,15965,8316,65194,0,1271900,12
Heap Sort,Reverso,1000,15965,8316,65194,0,977500,12
Heap Sort,Reverso,1000,15965,8316,65194,0,991300,12
Heap Sort,Reverso,1000,15965,8316,65194,0,1080000,12
Heap Sort,Reverso,1000,15965,8316,65194,0,1001200,12
Heap Sort,Reverso,1000,15965,8316,65194,0,1010100,12
Heap Sort,Reverso,1000,15965,8316,65194,0,848900,12
Heap Sort,Reverso,1000,15965,8316,65194,0,1080000,12
Heap Sort,Reverso,1000,15965,8316,65194,0,2404500,12
Heap Sort,Reverso,1000,15965,8316,65194,0,1067200,12
Heap Sort,Reverso,1000,15965,8316,65194,0,992500,12
Heap Sort,Reverso,1000,15965,8316,65194,0,1331900,12
Heap Sort,Reverso,1000,15965,8316,65194,0,1576700,12
Heap Sort,Reverso,1000,15965,8316,65194,0,1041300,12
Heap Sort,Reverso,1000,15965,8316,65194,0,1024300,12
Heap Sort,Reverso,1000,15965,8316,65194,0,1031600,12
Heap Sort,Reverso,1000,15965,8316,65194,0,1118800,12
Shell Sort,Reverso,1000,8550,6855,35854,0,520100,16
Shell Sort,Reverso,1000,8550,6855,35854,0,537600,16
Shell Sort,Reverso,1000,8550,6855,35854,0,479400,16
Shell Sort,Reverso,1000,8550,6855,35854,0,533500,16
Shell Sort,Reverso,1000,8550,6855,35854,0,815800,16
Shell Sort,Reverso,1000,8550,6855,35854,0,487900,16
Shell Sort,Reverso,1000,8550,6855,35854,0,564800,16
Shell Sort,Reverso,1000,8550,6855,35854,0,524200,16
Shell Sort,Reverso,1000,8550,6855,35854,0,484600,16
Shell Sort,Reverso,1000,8550,6855,35854,0,684300,16
Shell Sort,Reverso,1000,8550,6855,35854,0,504000,16
Shell Sort,Reverso,1000,8550,6855,35854,0,492500,16
Shell Sort,Reverso,1000,8550,6855,35854,0,598600,16
Shell Sort,Reverso,1000,8550,6855,35854,0,1224200,16
Shell Sort,Reverso,1000,8550,6855,35854,0,530900,16
Shell Sort,Reverso,1000,8550,6855,35854,0,587100,16
Shell Sort,Reverso,1000,8550,6855,35854,0,492800,16
Shell Sort,Reverso,1000,8550,6855,35854,0,944200,16
Shell Sort,Reverso,1000,8550,6855,35854,0,493800,16
Shell Sort,Reverso,1000,8550,6855,35854,0,533600,16
Shell Sort,Reverso,1000,8550,6855,35854,0,582600,16
Shell Sort,Reverso,1000,8550,6855,35854,0,542700,16
Shell Sort,Reverso,1000,8550,6855,35854,0,550100,16
Shell Sort,Reverso,1000,8550,6855,35854,0,479700,16
Shell Sort,Reverso,1000,8550,6855,35854,0,502200,16
Shell Sort,Reverso,1000,8550,6855,35854,0,541400,16
Shell Sort,Reverso,1000,8550,6855,35854,0,820300,16
Shell Sort,Reverso,1000,8550,6855,35854,0,542200,16
Shell Sort,Reverso,1000,8550,6855,35854,0,525900,16
Shell Sort,Reverso,1000,8550,6855,35854,0,495100,16
Quick Sort,Reverso,1000,499500,250499,2001995,1000,31569100,12000
Quick Sort,Reverso,1000,499500,250499,2001995,1000,41400700,12000
Quick Sort,Reverso,1000,499500,250499,2001995,1000,25810900,12000
Quick Sort,Reverso,1000,499500,250499,2001995,1000,21700700,12000
Quick Sort,Reverso,1000,499500,250499,2001995,1000,21757500,12000
Quick Sort,Reverso,1000,499500,250499,2001995,1000,43675900,12000
Quick Sort,Reverso,1000,499500,250499,2001995,1000,51306000,12000
Quick Sort,Reverso,1000,499500,250499,2001995,1000,23112800,12000
Quick Sort,Reverso,1000,499500,250499,2001995,1000,23940500,12000
Quick Sort,Reverso,1000,499500,250499,2001995,1000,20853400,12000
Quick Sort,Reverso,1000,499500,250499,2001995,1000,22826400,12000
Quick Sort,Reverso,1000,499500,250499,2001995,1000,21244200,12000
Quick Sort,Reverso,1000,499500,250499,2001995,1000,23073100,12000
Quick Sort,Reverso,1000,499500,250499,2001995,1000,22053400,12000
Quick Sort,Reverso,1000,499500,250499,2001995,1000,20969100,12000
Quick Sort,Reverso,1000,499500,250499,2001995,1000,22527600,12000
Quick Sort,Reverso,1000,499500,250499,2001995,1000,23463300,12000
Quick Sort,Reverso,1000,499500,250499,2001995,1000,26558100,12000
Quick Sort,Reverso,1000,499500,250499,2001995,1000,20583300,12000
Quick Sort,Reverso,1000,499500,250499,2001995,1000,40569100,12000
Quick Sort,Reverso,1000,499500,250499,2001995,1000,21726300,12000
Quick Sort,Reverso,1000,499500,250499,2001995,1000,26213400,12000
Quick Sort,Reverso,1000,499500,250499,2001995,1000,21233800,12000
Quick Sort,Reverso,1000,499500,250499,2001995,1000,20767400,12000
Quick Sort,Reverso,1000,499500,250499,2001995,1000,21650700,12000
Quick Sort,Reverso,1000,499500,250499,2001995,1000,21360200,12000
Quick Sort,Reverso,1000,499500,250499,2001995,1000,21943100,12000
Quick Sort,Reverso,1000,499500,250499,2001995,1000,22500500,12000
Quick Sort,Reverso,1000,499500,250499,2001995,1000,20993100,12000
Quick Sort,Reverso,1000,499500,250499,2001995,1000,20817100,12000
Quick Random,Reverso,1000,11473,8057,55853,25,744400,300
Quick Random,Reverso,1000,11473,8057,55853,25,688700,300
Quick Random,Reverso,1000,11473,8057,55853,25,659700,300
Quick Random,Reverso,1000,11473,8057,55853,25,657200,300
Quick Random,Reverso,1000,11473,8057,55853,25,686800,300
Quick Random,Reverso,1000,11473,8057,55853,25,769800,300
Quick Random,Reverso,1000,11473,8057,55853,25,735900,300
Quick Random,Reverso,1000,11473,8057,55853,25,947100,300
Quick Random,Reverso,1000,11473,8057,55853,25,991200,300
Quick Random,Reverso,1000,11473,8057,55853,25,672800,300
Quick Random,Reverso,1000,11473,8057,55853,25,659700,300
Quick Random,Reverso,1000,11473,8057,55853,25,659400,300
Quick Random,Reverso,1000,11473,8057,55853,25,663500,300
Quick Random,Reverso,1000,11473,8057,55853,25,730200,300
Quick Random,Reverso,1000,11473,8057,55853,25,663000,300
Quick Random,Reverso,1000,11473,8057,55853,25,657500,300
Quick Random,Reverso,1000,11473,8057,55853,25,660300,300
Quick Random,Reverso,1000,11473,8057,55853,25,682100,300
Quick Random,Reverso,1000,11473,8057,55853,25,671200,300
Quick Random,Reverso,1000,11473,8057,55853,25,840200,300
Quick Random,Reverso,1000,11473,8057,55853,25,671000,300
Quick Random,Reverso,1000,11473,8057,55853,25,673500,300
Quick Random,Reverso,1000,11473,8057,55853,25,694800,300
Quick Random,Reverso,1000,11473,8057,55853,25,695000,300
Quick Random,Reverso,1000,11473,8057,55853,25,676200,300
Quick Random,Reverso,1000,11473,8057,55853,25,689400,300
Quick Random,Reverso,1000,11473,8057,55853,25,666100,300
Quick Random,Reverso,1000,11473,8057,55853,25,685700,300
Quick Random,Reverso,1000,11473,8057,55853,25,699600,300
Quick Random,Reverso,1000,11473,8057,55853,25,665800,300
Bubble Sort,Parcial,1000,494940,62842,1241248,0,21651300,13
Bubble Sort,Parcial,1000,499094,61484,1244124,0,24722300,13
Bubble Sort,Parcial,1000,496574,63404,1246764,0,20458000,13
Bubble Sort,Parcial,1000,495495,54944,1210766,0,20680000,13
Bubble Sort,Parcial,1000,492360,53714,1199576,0,19454600,13
Bubble Sort,Parcial,1000,485639,59004,1207294,0,19590900,13
Bubble Sort,Parcial,1000,496097,60814,1235450,0,19868300,13
Bubble Sort,Parcial,1000,492830,62636,1236204,0,19915600,13
Bubble Sort,Parcial,1000,492714,48114,1177884,0,19203600,13
Bubble Sort,Parcial,1000,493505,58974,1222906,0,23362800,13
Bubble Sort,Parcial,1000,494844,51258,1194720,0,19230800,13
Bubble Sort,Parcial,1000,498797,60410,1239234,0,20172500,13
Bubble Sort,Parcial,1000,494844,60550,1231888,0,20563800,13
Bubble Sort,Parcial,1000,493505,57216,1215874,0,19732700,13
Bubble Sort,Parcial,1000,498510,61828,1244332,0,20543400,13
Bubble Sort,Parcial,1000,497960,55907,1219548,0,20248000,13
Bubble Sort,Parcial,1000,492830,50666,1188324,0,19230600,13
Bubble Sort,Parcial,1000,486780,54590,1191920,0,20807600,13
Bubble Sort,Parcial,1000,499464,57684,1229664,0,24704200,13
Bubble Sort,Parcial,1000,498465,57168,1225602,0,23828200,13
Bubble Sort,Parcial,1000,498324,64724,1255544,0,36331300,13
Bubble Sort,Parcial,1000,497015,52500,1204030,0,46343700,13
Bubble Sort,Parcial,1000,498465,64586,1255274,0,26701800,13
Bubble Sort,Parcial,1000,488915,57854,1209246,0,22448500,13
Bubble Sort,Parcial,1000,497420,63652,1249448,0,21466200,13
Bubble Sort,Parcial,1000,494450,54598,1207292,0,51441000,13
Bubble Sort,Parcial,1000,490184,55008,1200400,0,19691000,13
Bubble Sort,Parcial,1000,498870,59044,1233916,0,25335600,13
Bubble Sort,Parcial,1000,498275,57166,1225214,0,19631900,13
Bubble Sort,Parcial,1000,498639,64266,1254342,0,21199300,13
Insertion Sort,Parcial,1000,59135,59127,236544,0,3026100,12
Insertion Sort,Parcial,1000,53081,53069,212324,0,4626800,12
Insertion Sort,Parcial,1000,60335,60329,241344,0,5065100,12
Insertion Sort,Parcial,1000,53555,53542,214220,0,2984800,12
Insertion Sort,Parcial,1000,58783,58763,235132,0,3024600,12
Insertion Sort,Parcial,1000,61181,61173,244724,0,3493100,12
Insertion Sort,Parcial,1000,59975,59958,239900,0,1934400,12
Insertion Sort,Parcial,1000,63193,63188,252772,0,2038800,12
Insertion Sort,Parcial,1000,60704,60687,242816,0,2861500,12
Insertion Sort,Parcial,1000,56483,56470,225932,0,2963400,12
Insertion Sort,Parcial,1000,47695,47685,190780,0,1533600,12
Insertion Sort,Parcial,1000,59740,59728,238964,0,1901300,12
Insertion Sort,Parcial,1000,50887,50880,203548,0,2599000,12
Insertion Sort,Parcial,1000,57059,57050,228236,0,1827400,12
Insertion Sort,Parcial,1000,55205,55205,220824,0,2828800,12
Insertion Sort,Parcial,1000,57433,57410,229732,0,2915400,12
Insertion Sort,Parcial,1000,64710,64695,258840,0,3416200,12
Insertion Sort,Parcial,1000,58765,58752,235060,0,2850700,12
Insertion Sort,Parcial,1000,53735,53720,214940,0,2852900,12
Insertion Sort,Parcial,1000,62635,62631,250540,0,3308600,12
Insertion Sort,Parcial,1000,57171,57150,228684,0,3059100,12
Insertion Sort,Parcial,1000,53293,53284,213172,0,2818800,12
Insertion Sort,Parcial,1000,55191,55185,220764,0,2872600,12
Insertion Sort,Parcial,1000,59912,59903,239654,0,3074300,12
Insertion Sort,Parcial,1000,55233,55223,220932,0,3037300,12
Insertion Sort,Parcial,1000,57561,57552,230248,0,3168200,12
Insertion Sort,Parcial,1000,63917,63896,255668,0,3600000,12
Insertion Sort,Parcial,1000,56855,56828,227420,0,3122400,12
Insertion Sort,Parcial,1000,62383,62369,249532,0,3452000,12
Insertion Sort,Parcial,1000,56133,56115,224532,0,2868700,12
Selection Sort,Parcial,1000,499500,100,999400,0,18629200,12
Selection Sort,Parcial,1000,499500,99,999396,0,18274600,12
Selection Sort,Parcial,1000,499500,100,999400,0,17709400,12
Selection Sort,Parcial,1000,499500,100,999400,0,17178000,12
Selection Sort,Parcial,1000,499500,100,999400,0,16095700,12
Selection Sort,Parcial,1000,499500,100,999400,0,16994500,12
Selection Sort,Parcial,1000,499500,100,999400,0,16678100,12
Selection Sort,Parcial,1000,499500,100,999400,0,17039500,12
Selection Sort,Parcial,1000,499500,100,999400,0,17048700,12
Selection Sort,Parcial,1000,499500,100,999400,0,17100800,12
Selection Sort,Parcial,1000,499500,100,999400,0,16984900,12
Selection Sort,Parcial,1000,499500,100,999400,0,16997700,12
Selection Sort,Parcial,1000,499500,100,999400,0,16565100,12
Selection Sort,Parcial,1000,499500,100,999400,0,16270800,12
Selection Sort,Parcial,1000,499500,100,999400,0,16279000,12
Selection Sort,Parcial,1000,499500,100,999400,0,16214400,12
Selection Sort,Parcial,1000,499500,100,999400,0,16309600,12
Selection Sort,Parcial,1000,499500,100,999400,0,17076300,12
Selection Sort,Parcial,1000,499500,99,999396,0,16149000,12
Selection Sort,Parcial,1000,499500,100,999400,0,16975800,12
Selection Sort,Parcial,1000,499500,100,999400,0,16457600,12
Selection Sort,Parcial,1000,499500,100,999400,0,16965900,12
Selection Sort,Parcial,1000,499500,100,999400,0,17074200,12
Selection Sort,Parcial,1000,499500,100,999400,0,17067300,12
Selection Sort,Parcial,1000,499500,100,999400,0,31325500,12
Selection Sort,Parcial,1000,499500,100,999400,0,16569400,12
Selection Sort,Parcial,1000,499500,100,999400,0,16731500,12
Selection Sort,Parcial,1000,499500,100,999400,0,17379700,12
Selection Sort,Parcial,1000,499500,99,999396,0,17389000,12
Selection Sort,Parcial,1000,499500,99,999396,0,16917900,12
Merge Sort,Parcial,1000,8137,1839,29928,11,1653200,39904
Merge Sort,Parcial,1000,8182,1794,29928,11,1583700,39904
Merge Sort,Parcial,1000,8142,1834,29928,11,1844700,39904
Merge Sort,Parcial,1000,8180,1796,29928,11,1674700,39904
Merge Sort,Parcial,1000,8142,1834,29928,11,1617400,39904
Merge Sort,Parcial,1000,7960,2016,29928,11,1610300,39904
Merge Sort,Parcial,1000,8040,1936,29928,11,1932200,39904
Merge Sort,Parcial,1000,8139,1837,29928,11,1538900,39904
Merge Sort,Parcial,1000,8096,1880,29928,11,1522200,39904
Merge Sort,Parcial,1000,8015,1961,29928,11,1646400,39904
Merge Sort,Parcial,1000,8055,1921,29928,11,1634100,39904
Merge Sort,Parcial,1000,8072,1904,29928,11,1630600,39904
Merge Sort,Parcial,1000,8020,1956,29928,11,1638300,39904
Merge Sort,Parcial,1000,8079,1897,29928,11,1585600,39904
Merge Sort,Parcial,1000,8101,1875,29928,11,1719700,39904
Merge Sort,Parcial,1000,8050,1926,29928,11,1622600,39904
Merge Sort,Parcial,1000,8096,1880,29928,11,1634500,39904
Merge Sort,Parcial,1000,7920,2056,29928,11,1682600,39904
Merge Sort,Parcial,1000,8193,1783,29928,11,1638500,39904
Merge Sort,Parcial,1000,8070,1906,29928,11,1578400,39904
Merge Sort,Parcial,1000,8049,1927,29928,11,1795400,39904
Merge Sort,Parcial,1000,8080,1896,29928,11,1848200,39904
Merge Sort,Parcial,1000,8084,1892,29928,11,1831700,39904
Merge Sort,Parcial,1000,8150,1826,29928,11,1802100,39904
Merge Sort,Parcial,1000,8246,1730,29928,11,1778300,39904
Merge Sort,Parcial,1000,8060,1916,29928,11,1564600,39904
Merge Sort,Parcial,1000,7884,2092,29928,11,1701900,39904
Merge Sort,Parcial,1000,7983,1993,29928,11,1779900,39904
Merge Sort,Parcial,1000,8040,1936,29928,11,1581300,39904
Merge Sort,Parcial,1000,8166,1810,29928,11,1600500,39904
Heap Sort,Parcial,1000,17408,9598,73208,0,1164900,12
Heap Sort,Parcial,1000,17393,9580,73106,0,1166200,12
Heap Sort,Parcial,1000,17377,9576,73058,0,808200,12
Heap Sort,Parcial,1000,17377,9562,73002,0,834100,12
Heap Sort,Parcial,1000,17407,9580,73134,0,807700,12
Heap Sort,Parcial,1000,17423,9604,73262,0,1127200,12
Heap Sort,Parcial,1000,17383,9588,73118,0,1090300,12
Heap Sort,Parcial,1000,17392,9580,73104,0,1111800,12
Heap Sort,Parcial,1000,17421,9578,73154,0,1143400,12
Heap Sort,Parcial,1000,17424,9606,73272,0,1132500,12
Heap Sort,Parcial,1000,17417,9590,73194,0,1118900,12
Heap Sort,Parcial,1000,17385,9582,73098,0,945700,12
Heap Sort,Parcial,1000,17439,9596,73262,0,1101700,12
Heap Sort,Parcial,1000,17410,9600,73220,0,1097200,12
Heap Sort,Parcial,1000,17391,9589,73138,0,1372900,12
Heap Sort,Parcial,1000,17420,9604,73256,0,1077000,12
Heap Sort,Parcial,1000,17409,9594,73194,0,1096600,12
Heap Sort,Parcial,1000,17402,9588,73156,0,1049400,12
Heap Sort,Parcial,1000,17399,9570,73078,0,1110100,12
Heap Sort,Parcial,1000,17402,9594,73180,0,1152600,12
Heap Sort,Parcial,1000,17418,9585,73176,0,1168700,12
Heap Sort,Parcial,1000,17410,9602,73228,0,1144900,12
Heap Sort,Parcial,1000,17428,9592,73224,0,1111300,12
Heap Sort,Parcial,1000,17409,9592,73186,0,1120500,12
Heap Sort,Parcial,1000,17430,9606,73284,0,1125900,12
Heap Sort,Parcial,1000,17406,9595,73192,0,1152300,12
Heap Sort,Parcial,1000,17396,9578,73104,0,1163800,12
Heap Sort,Parcial,1000,17423,9634,73382,0,1154500,12
Heap Sort,Parcial,1000,17400,9577,73108,0,1162200,12
Heap Sort,Parcial,1000,17401,9594,73178,0,1141400,12
Shell Sort,Parcial,1000,11685,8850,46916,0,733800,16
Shell Sort,Parcial,1000,11871,9056,47672,0,715600,16
Shell Sort,Parcial,1000,11427,8587,45908,0,747200,16
Shell Sort,Parcial,1000,11595,8787,46564,0,725600,16
Shell Sort,Parcial,1000,11047,8054,44322,0,730300,16
Shell Sort,Parcial,1000,11562,8792,46422,0,716900,16
Shell Sort,Parcial,1000,11216,8364,45050,0,725100,16
Shell Sort,Parcial,1000,11572,8814,46514,0,730100,16
Shell Sort,Parcial,1000,12067,9298,48436,0,802800,16
Shell Sort,Parcial,1000,11697,8932,46960,0,756200,16
Shell Sort,Parcial,1000,11664,8913,46866,0,752500,16
Shell Sort,Parcial,1000,11545,8733,46348,0,695600,16
Shell Sort,Parcial,1000,11419,8695,45924,0,728400,16
Shell Sort,Parcial,1000,10839,7812,43488,0,678500,16
Shell Sort,Parcial,1000,11434,8616,45886,0,784900,16
Shell Sort,Parcial,1000,11780,8981,47282,0,753300,16
Shell Sort,Parcial,1000,11641,8804,46738,0,906400,16
Shell Sort,Parcial,1000,11621,8842,46660,0,873800,16
Shell Sort,Parcial,1000,11147,8222,44740,0,735200,16
Shell Sort,Parcial,1000,11706,8940,47014,0,778700,16
Shell Sort,Parcial,1000,11279,8457,45312,0,724000,16
Shell Sort,Parcial,1000,12177,9455,48892,0,806500,16
Shell Sort,Parcial,1000,11860,9090,47610,0,764200,16
Shell Sort,Parcial,1000,11263,8455,45300,0,703900,16
Shell Sort,Parcial,1000,11532,8648,46278,0,783000,16
Shell Sort,Parcial,1000,11877,9121,47708,0,749100,16
Shell Sort,Parcial,1000,11704,8899,46978,0,708100,16
Shell Sort,Parcial,1000,11845,9052,47536,0,1007100,16
Shell Sort,Parcial,1000,11103,8189,44552,0,701900,16
Shell Sort,Parcial,1000,11486,8697,46138,0,696500,16
Quick Sort,Parcial,1000,21116,11357,88425,47,1402900,564
Quick Sort,Parcial,1000,24381,17029,117652,50,1247800,600
Quick Sort,Parcial,1000,15752,6381,57800,34,986500,408
Quick Sort,Parcial,1000,24249,16137,113846,54,1222700,648
Quick Sort,Parcial,1000,19516,14497,97782,45,1430300,540
Quick Sort,Parcial,1000,20819,13642,96972,47,1080400,564
Quick Sort,Parcial,1000,21022,13400,96439,53,1082600,636
Quick Sort,Parcial,1000,17320,10365,76892,45,876000,540
Quick Sort,Parcial,1000,22382,8683,80291,70,1143700,840
Quick Sort,Parcial,1000,26862,20402,136108,44,1538600,528
Quick Sort,Parcial,1000,18815,10509,80440,42,1019100,504
Quick Sort,Parcial,1000,15264,10091,71699,36,859300,432
Quick Sort,Parcial,1000,29513,19617,138270,63,1481900,756
Quick Sort,Parcial,1000,18263,9747,76305,46,875100,552
Quick Sort,Parcial,1000,19709,9588,78525,48,911300,576
Quick Sort,Parcial,1000,22397,8692,80331,54,948600,648
Quick Sort,Parcial,1000,26291,15174,114020,52,1342800,624
Quick Sort,Parcial,1000,43973,31377,214255,68,2321200,816
Quick Sort,Parcial,1000,28738,22358,147674,50,1603900,600
Quick Sort,Parcial,1000,21965,9022,80799,44,940700,528
Quick Sort,Parcial,1000,22938,11055,90863,52,1073800,624
Quick Sort,Parcial,1000,21070,10504,84952,42,998700,504
Quick Sort,Parcial,1000,37035,28967,190695,65,2179300,780
Quick Sort,Parcial,1000,19878,10651,83128,48,935600,576
Quick Sort,Parcial,1000,18338,10746,80455,40,921300,480
Quick Sort,Parcial,1000,24471,17240,118711,58,1347600,696
Quick Sort,Parcial,1000,31090,23070,155254,63,1677100,756
Quick Sort,Parcial,1000,22025,8841,80207,48,946300,576
Quick Sort,Parcial,1000,21965,12628,95211,47,1064400,564
Quick Sort,Parcial,1000,23257,7862,78711,50,905800,600
Quick Random,Parcial,1000,11833,7406,53958,25,668700,300
Quick Random,Parcial,1000,11207,6274,48189,21,685400,252
Quick Random,Parcial,1000,11363,6822,50675,21,677600,252
Quick Random,Parcial,1000,10915,6538,48654,23,644400,276
Quick Random,Parcial,1000,11136,7014,50991,21,684500,252
Quick Random,Parcial,1000,10898,5990,46418,20,615200,240
Quick Random,Parcial,1000,13024,8903,62328,24,772000,288
Quick Random,Parcial,1000,11453,6980,51488,24,665100,288
Quick Random,Parcial,1000,10508,6264,46737,21,632600,252
Quick Random,Parcial,1000,11329,7097,51717,20,682200,240
Quick Random,Parcial,1000,13155,7827,58280,25,789100,300
Quick Random,Parcial,1000,10896,7282,51581,24,683700,288
Quick Random,Parcial,1000,11876,8268,57486,23,701300,276
Quick Random,Parcial,1000,11199,6526,49179,21,658000,252
Quick Random,Parcial,1000,10758,7827,53490,23,704700,276
Quick Random,Parcial,1000,14784,8130,62766,26,788200,312
Quick Random,Parcial,1000,11252,6203,47985,22,657600,264
Quick Random,Parcial,1000,11006,6570,48940,20,643100,240
Quick Random,Parcial,1000,10890,7182,51185,21,672400,252
Quick Random,Parcial,1000,10985,7201,51434,19,778800,228
Quick Random,Parcial,1000,11630,7659,54559,23,755100,276
Quick Random,Parcial,1000,12010,7701,55492,21,704300,252
Quick Random,Parcial,1000,10828,6361,47761,22,653200,264
Quick Random,Parcial,1000,11599,7185,52604,24,695800,288
Quick Random,Parcial,1000,11147,7240,51929,23,686700,276
Quick Random,Parcial,1000,10612,6767,48966,21,677700,252
Quick Random,Parcial,1000,10368,5773,44489,21,607100,252
Quick Random,Parcial,1000,11507,7145,52268,24,655900,288
Quick Random,Parcial,1000,12233,7381,54663,23,726200,276
Quick Random,Parcial,1000,10868,6005,46438,21,632900,252
Bubble Sort,Repetitivo,1000,496574,237817,1944416,0,37230200,13
Bubble Sort,Repetitivo,1000,497960,248026,1988024,0,31043900,13
Bubble Sort,Repetitivo,1000,499175,247437,1988098,0,30655100,13
Bubble Sort,Repetitivo,1000,498939,235776,1940982,0,29161500,13
Bubble Sort,Repetitivo,1000,497789,239438,1953330,0,29000300,13
Bubble Sort,Repetitivo,1000,498554,247798,1988300,0,28997300,13
Bubble Sort,Repetitivo,1000,497904,254414,2013464,0,25654500,13
Bubble Sort,Repetitivo,1000,498015,253942,2011798,0,26116400,13
Bubble Sort,Repetitivo,1000,499094,242881,1969712,0,30297600,13
Bubble Sort,Repetitivo,1000,499122,248782,1993372,0,31300000,13
Bubble Sort,Repetitivo,1000,499445,248251,1991894,0,25763700,13
Bubble Sort,Repetitivo,1000,499395,254765,2017850,0,25692600,13
Bubble Sort,Repetitivo,1000,496944,243907,1969516,0,30307000,13
Bubble Sort,Repetitivo,1000,498597,246812,1984442,0,30680200,13
Bubble Sort,Repetitivo,1000,499434,239395,1956448,0,28013700,13
Bubble Sort,Repetitivo,1000,498680,246149,1981956,0,28760100,13
Bubble Sort,Repetitivo,1000,498465,240711,1959774,0,29361400,13
Bubble Sort,Repetitivo,1000,497904,248989,1991764,0,29662000,13
Bubble Sort,Repetitivo,1000,498939,249787,1997026,0,29769200,13
Bubble Sort,Repetitivo,1000,499247,247088,1986846,0,26969500,13
Bubble Sort,Repetitivo,1000,498797,260308,2038826,0,30663000,13
Bubble Sort,Repetitivo,1000,498870,243758,1972772,0,26908200,13
Bubble Sort,Repetitivo,1000,498465,241159,1961566,0,29848800,13
Bubble Sort,Repetitivo,1000,498834,248992,1993636,0,27487400,13
Bubble Sort,Repetitivo,1000,499290,252923,2010272,0,29745300,13
Bubble Sort,Repetitivo,1000,497420,251500,2000840,0,29850300,13
Bubble Sort,Repetitivo,1000,499224,249690,1997208,0,25624300,13
Bubble Sort,Repetitivo,1000,499149,242855,1969718,0,29827400,13
Bubble Sort,Repetitivo,1000,498069,258385,2029678,0,30459300,13
Bubble Sort,Repetitivo,1000,498174,241127,1960856,0,27219800,13
Insertion Sort,Repetitivo,1000,245769,245766,983088,0,13618100,12
Insertion Sort,Repetitivo,1000,243679,243680,974730,0,16627200,12
Insertion Sort,Repetitivo,1000,246928,246923,987724,0,13023500,12
Insertion Sort,Repetitivo,1000,256215,256208,1024866,0,13739700,12
Insertion Sort,Repetitivo,1000,248694,248679,994780,0,12881400,12
Insertion Sort,Repetitivo,1000,252556,252553,1010234,0,12735300,12
Insertion Sort,Repetitivo,1000,253032,253029,1012136,0,13730800,12
Insertion Sort,Repetitivo,1000,255960,255953,1023844,0,13427000,12
Insertion Sort,Repetitivo,1000,251701,251698,1006816,0,12967200,12
Insertion Sort,Repetitivo,1000,251098,251093,1004396,0,12991200,12
Insertion Sort,Repetitivo,1000,244958,244953,979840,0,12693100,12
Insertion Sort,Repetitivo,1000,246085,246072,984346,0,13004800,12
Insertion Sort,Repetitivo,1000,248969,248962,995880,0,13116900,12
Insertion Sort,Repetitivo,1000,253592,253588,1014380,0,13355200,12
Insertion Sort,Repetitivo,1000,258540,258534,1034168,0,13361500,12
Insertion Sort,Repetitivo,1000,247602,247599,990414,0,13178300,12
Insertion Sort,Repetitivo,1000,248331,248330,993338,0,13132100,12
Insertion Sort,Repetitivo,1000,248457,248444,993832,0,13619700,12
Insertion Sort,Repetitivo,1000,256338,256340,1025368,0,14041300,12
Insertion Sort,Repetitivo,1000,253709,253707,1014856,0,13847500,12
Insertion Sort,Repetitivo,1000,248141,248135,992568,0,12829400,12
Insertion Sort,Repetitivo,1000,254034,254031,1016152,0,13124400,12
Insertion Sort,Repetitivo,1000,247630,247624,990524,0,12759200,12
Insertion Sort,Repetitivo,1000,242938,242933,971758,0,12196000,12
Insertion Sort,Repetitivo,1000,243391,243391,973578,0,12786200,12
Insertion Sort,Repetitivo,1000,249627,249621,998518,0,12818700,12
Insertion Sort,Repetitivo,1000,257395,257391,1029586,0,13438400,12
Insertion Sort,Repetitivo,1000,245944,245940,983784,0,12573900,12
Insertion Sort,Repetitivo,1000,243272,243261,973094,0,12761900,12
Insertion Sort,Repetitivo,1000,255577,255566,1022314,0,13440000,12
Selection Sort,Repetitivo,1000,499500,988,1002952,0,16879100,12
Selection Sort,Repetitivo,1000,499500,991,1002964,0,18564300,12
Selection Sort,Repetitivo,1000,499500,990,1002960,0,16577600,12
Selection Sort,Repetitivo,1000,499500,983,1002932,0,16978700,12
Selection Sort,Repetitivo,1000,499500,987,1002948,0,16268800,12
Selection Sort,Repetitivo,1000,499500,982,1002928,0,16489500,12
Selection Sort,Repetitivo,1000,499500,994,1002976,0,16343700,12
Selection Sort,Repetitivo,1000,499500,988,1002952,0,16599600,12
Selection Sort,Repetitivo,1000,499500,991,1002964,0,16404000,12
Selection Sort,Repetitivo,1000,499500,986,1002944,0,16691700,12
Selection Sort,Repetitivo,1000,499500,991,1002964,0,15684200,12
Selection Sort,Repetitivo,1000,499500,989,1002956,0,16828600,12
Selection Sort,Repetitivo,1000,499500,993,1002972,0,16734100,12
Selection Sort,Repetitivo,1000,499500,983,1002932,0,16365600,12
Selection Sort,Repetitivo,1000,499500,988,1002952,0,16855700,12
Selection Sort,Repetitivo,1000,499500,984,1002936,0,16444200,12
Selection Sort,Repetitivo,1000,499500,983,1002932,0,16917700,12
Selection Sort,Repetitivo,1000,499500,989,1002956,0,16238800,12
Selection Sort,Repetitivo,1000,499500,985,1002940,0,16507300,12
Selection Sort,Repetitivo,1000,499500,981,1002924,0,16240800,12
Selection Sort,Repetitivo,1000,499500,987,1002948,0,16862000,12
Selection Sort,Repetitivo,1000,499500,993,1002972,0,16259600,12
Selection Sort,Repetitivo,1000,499500,988,1002952,0,16466600,12
Selection Sort,Repetitivo,1000,499500,986,1002944,0,16573600,12
Selection Sort,Repetitivo,1000,499500,995,1002980,0,16200900,12
Selection Sort,Repetitivo,1000,499500,981,1002924,0,16242400,12
Selection Sort,Repetitivo,1000,499500,989,1002956,0,16524400,12
Selection Sort,Repetitivo,1000,499500,988,1002952,0,14037500,12
Selection Sort,Repetitivo,1000,499500,988,1002952,0,16232300,12
Selection Sort,Repetitivo,1000,499500,987,1002948,0,16374100,12
Merge Sort,Repetitivo,1000,8711,1265,29928,11,1735700,39904
Merge Sort,Repetitivo,1000,8711,1265,29928,11,1686700,39904
Merge Sort,Repetitivo,1000,8707,1269,29928,11,1761800,39904
Merge Sort,Repetitivo,1000,8696,1280,29928,11,1714000,39904
Merge Sort,Repetitivo,1000,8667,1309,29928,11,1621900,39904
Merge Sort,Repetitivo,1000,8717,1259,29928,11,1670900,39904
Merge Sort,Repetitivo,1000,8714,1262,29928,11,1668400,39904
Merge Sort,Repetitivo,1000,8710,1266,29928,11,1654400,39904
Merge Sort,Repetitivo,1000,8716,1260,29928,11,1633100,39904
Merge Sort,Repetitivo,1000,8737,1239,29928,11,1776100,39904
Merge Sort,Repetitivo,1000,8730,1246,29928,11,1768700,39904
Merge Sort,Repetitivo,1000,8695,1281,29928,11,1645700,39904
Merge Sort,Repetitivo,1000,8725,1251,29928,11,1791200,39904
Merge Sort,Repetitivo,1000,8713,1263,29928,11,2018300,39904
Merge Sort,Repetitivo,1000,8710,1266,29928,11,1843900,39904
Merge Sort,Repetitivo,1000,8696,1280,29928,11,1758800,39904
Merge Sort,Repetitivo,1000,8699,1277,29928,11,1718000,39904
Merge Sort,Repetitivo,1000,8723,1253,29928,11,1578400,39904
Merge Sort,Repetitivo,1000,8693,1283,29928,11,1767200,39904
Merge Sort,Repetitivo,1000,8683,1293,29928,11,1609100,39904
Merge Sort,Repetitivo,1000,8722,1254,29928,11,1653800,39904
Merge Sort,Repetitivo,1000,8723,1253,29928,11,1745100,39904
Merge Sort,Repetitivo,1000,8711,1265,29928,11,1651200,39904
Merge Sort,Repetitivo,1000,8697,1279,29928,11,1761400,39904
Merge Sort,Repetitivo,1000,8705,1271,29928,11,1674400,39904
Merge Sort,Repetitivo,1000,8716,1260,29928,11,1744800,39904
Merge Sort,Repetitivo,1000,8700,1276,29928,11,1676500,39904
Merge Sort,Repetitivo,1000,8703,1273,29928,11,1754300,39904
Merge Sort,Repetitivo,1000,8682,1294,29928,11,1646500,39904
Merge Sort,Repetitivo,1000,8719,1257,29928,11,1673300,39904
Heap Sort,Repetitivo,1000,16881,9066,70026,0,1079800,12
Heap Sort,Repetitivo,1000,16780,9025,69660,0,1124700,12
Heap Sort,Repetitivo,1000,16787,9027,69682,0,1101900,12
Heap Sort,Repetitivo,1000,16865,9052,69938,0,1255000,12
Heap Sort,Repetitivo,1000,16876,9106,70176,0,1114000,12
Heap Sort,Repetitivo,1000,16819,9054,69854,0,1040000,12
Heap Sort,Repetitivo,1000,16834,9089,70024,0,1101900,12
Heap Sort,Repetitivo,1000,16847,9072,69982,0,1109400,12
Heap Sort,Repetitivo,1000,16833,9035,69806,0,1086800,12
Heap Sort,Repetitivo,1000,16877,9086,70098,0,1082000,12
Heap Sort,Repetitivo,1000,16879,9118,70230,0,1103100,12
Heap Sort,Repetitivo,1000,16853,9100,70106,0,1109800,12
Heap Sort,Repetitivo,1000,16853,9058,69938,0,1104300,12
Heap Sort,Repetitivo,1000,16856,9067,69980,0,1079300,12
Heap Sort,Repetitivo,1000,16862,9070,70004,0,1175800,12
Heap Sort,Repetitivo,1000,16860,9067,69988,0,1072100,12
Heap Sort,Repetitivo,1000,16859,9093,70090,0,1068200,12
Heap Sort,Repetitivo,1000,16816,9019,69708,0,1095300,12
Heap Sort,Repetitivo,1000,16851,9069,69978,0,1101200,12
Heap Sort,Repetitivo,1000,16859,9069,69994,0,1129800,12
Heap Sort,Repetitivo,1000,16816,9056,69856,0,1082400,12
Heap Sort,Repetitivo,1000,16862,9067,69992,0,1128400,12
Heap Sort,Repetitivo,1000,16856,9071,69996,0,1102100,12
Heap Sort,Repetitivo,1000,16859,9107,70146,0,1094400,12
Heap Sort,Repetitivo,1000,16838,9032,69804,0,1086400,12
Heap Sort,Repetitivo,1000,16846,9051,69896,0,1092600,12
Heap Sort,Repetitivo,1000,16903,9115,70266,0,1109200,12
Heap Sort,Repetitivo,1000,16798,9006,69620,0,1091900,12
Heap Sort,Repetitivo,1000,16843,9056,69910,0,1103700,12
Heap Sort,Repetitivo,1000,16831,9061,69906,0,1092000,12
Shell Sort,Repetitivo,1000,13039,11166,53016,0,917100,16
Shell Sort,Repetitivo,1000,14176,12341,57550,0,876700,16
Shell Sort,Repetitivo,1000,12748,10871,51832,0,808600,16
Shell Sort,Repetitivo,1000,12738,10872,51776,0,820900,16
Shell Sort,Repetitivo,1000,12349,10387,50226,0,780900,16
Shell Sort,Repetitivo,1000,12897,11031,52478,0,821000,16
Shell Sort,Repetitivo,1000,12788,10867,51966,0,819600,16
Shell Sort,Repetitivo,1000,12778,10882,52024,0,763300,16
Shell Sort,Repetitivo,1000,12172,10326,49552,0,759200,16
Shell Sort,Repetitivo,1000,12744,10837,51808,0,838100,16
Shell Sort,Repetitivo,1000,13293,11501,54070,0,875700,16
Shell Sort,Repetitivo,1000,12554,10720,51094,0,859700,16
Shell Sort,Repetitivo,1000,12947,11095,52674,0,814800,16
Shell Sort,Repetitivo,1000,11982,10022,48782,0,779400,16
Shell Sort,Repetitivo,1000,13064,11161,53106,0,857200,16
Shell Sort,Repetitivo,1000,12885,11101,52418,0,849100,16
Shell Sort,Repetitivo,1000,13333,11489,54216,0,886300,16
Shell Sort,Repetitivo,1000,12417,10464,50478,0,807900,16
Shell Sort,Repetitivo,1000,12266,10395,49928,0,820700,16
Shell Sort,Repetitivo,1000,12572,10736,51152,0,839300,16
Shell Sort,Repetitivo,1000,13127,11232,53362,0,843400,16
Shell Sort,Repetitivo,1000,12586,10713,51210,0,810600,16
Shell Sort,Repetitivo,1000,12994,11169,52834,0,843900,16
Shell Sort,Repetitivo,1000,12734,10909,51840,0,831100,16
Shell Sort,Repetitivo,1000,13153,11274,53446,0,822500,16
Shell Sort,Repetitivo,1000,12280,10376,49938,0,805200,16
Shell Sort,Repetitivo,1000,13018,11149,52922,0,823300,16
Shell Sort,Repetitivo,1000,13900,12061,56394,0,894900,16
Shell Sort,Repetitivo,1000,12907,11094,52522,0,839100,16
Shell Sort,Repetitivo,1000,12648,10802,51462,0,975600,16
Quick Sort,Repetitivo,1000,11297,7748,54392,24,673900,288
Quick Sort,Repetitivo,1000,11244,7983,55225,21,695700,252
Quick Sort,Repetitivo,1000,11416,7773,54732,23,681500,276
Quick Sort,Repetitivo,1000,11503,7765,54876,23,690500,276
Quick Sort,Repetitivo,1000,10617,7665,52707,23,674700,276
Quick Sort,Repetitivo,1000,10821,7281,51576,23,656100,276
Quick Sort,Repetitivo,1000,11621,8762,59101,27,738300,324
Quick Sort,Repetitivo,1000,12794,9535,64536,25,799600,300
Quick Sort,Repetitivo,1000,10632,7797,53261,26,655200,312
Quick Sort,Repetitivo,1000,11488,7206,52611,24,672500,288
Quick Sort,Repetitivo,1000,10883,7209,51407,23,658000,276
Quick Sort,Repetitivo,1000,10609,7360,51472,22,657900,264
Quick Sort,Repetitivo,1000,12091,8279,58111,25,713000,300
Quick Sort,Repetitivo,1000,12169,7687,55894,25,725700,300
Quick Sort,Repetitivo,1000,12398,6783,52740,24,723400,288
Quick Sort,Repetitivo,1000,11874,7953,56370,25,726100,300
Quick Sort,Repetitivo,1000,11646,8187,56852,24,718100,288
Quick Sort,Repetitivo,1000,12419,8157,58271,27,707100,324
Quick Sort,Repetitivo,1000,12160,7526,55235,26,678100,312
Quick Sort,Repetitivo,1000,11187,8249,56175,24,722300,288
Quick Sort,Repetitivo,1000,12638,8829,61403,25,757800,300
Quick Sort,Repetitivo,1000,11213,7601,53644,23,679100,276
Quick Sort,Repetitivo,1000,12112,8230,57957,24,724300,288
Quick Sort,Repetitivo,1000,11094,7105,51418,22,668400,264
Quick Sort,Repetitivo,1000,11423,7401,53257,21,679000,252
Quick Sort,Repetitivo,1000,11893,8107,57024,24,713300,288
Quick Sort,Repetitivo,1000,11425,7777,54769,26,813900,312
Quick Sort,Repetitivo,1000,11015,8051,55046,23,701200,276
Quick Sort,Repetitivo,1000,12411,8725,60529,26,726800,312
Quick Sort,Repetitivo,1000,11532,7309,53107,26,703500,312
Quick Random,Repetitivo,1000,10881,8085,54916,21,2700300,252
Quick Random,Repetitivo,1000,11799,9568,62674,25,835400,300
Quick Random,Repetitivo,1000,10870,8229,55467,22,715800,264
Quick Random,Repetitivo,1000,11957,8942,60496,23,788100,276
Quick Random,Repetitivo,1000,11631,9344,61446,24,904000,288
Quick Random,Repetitivo,1000,10723,8017,54321,21,824400,252
Quick Random,Repetitivo,1000,11242,8829,58603,25,805900,300
Quick Random,Repetitivo,1000,11243,9136,59838,24,844100,288
Quick Random,Repetitivo,1000,11932,9376,62180,24,818600,288
Quick Random,Repetitivo,1000,11216,8878,58751,26,770400,312
Quick Random,Repetitivo,1000,11065,8983,58867,24,776000,288
Quick Random,Repetitivo,1000,10509,7443,51597,21,694000,252
Quick Random,Repetitivo,1000,11819,9193,61218,23,798400,276
Quick Random,Repetitivo,1000,10598,8450,55803,22,747100,264
Quick Random,Repetitivo,1000,12313,7453,55249,26,726700,312
Quick Random,Repetitivo,1000,11263,7899,54934,23,730700,276
Quick Random,Repetitivo,1000,12551,8861,61353,27,802700,324
Quick Random,Repetitivo,1000,12023,8425,58558,25,792000,300
Quick Random,Repetitivo,1000,11994,9645,63384,25,836600,300
Quick Random,Repetitivo,1000,11018,8653,57456,23,743600,276
Quick Random,Repetitivo,1000,11237,8648,57877,22,774700,264
Quick Random,Repetitivo,1000,12574,10412,67609,25,905400,300
Quick Random,Repetitivo,1000,11264,8877,58846,25,782000,300
Quick Random,Repetitivo,1000,11069,7795,54124,25,772400,300
Quick Random,Repetitivo,1000,12591,9057,62220,25,794400,300
Quick Random,Repetitivo,1000,11567,9201,60748,22,854900,264
Quick Random,Repetitivo,1000,12430,9866,65140,26,849200,312
Quick Random,Repetitivo,1000,11605,8557,58246,24,855600,288
Quick Random,Repetitivo,1000,10687,8052,54400,21,710800,252
Quick Random,Repetitivo,1000,10865,7889,54097,21,712400,252
Bubble Sort,Gaussiano,1000,497420,242720,1965720,0,33970200,13
Bubble Sort,Gaussiano,1000,497015,253953,2009842,0,31203600,13
Bubble Sort,Gaussiano,1000,499149,252214,2007154,0,28109000,13
Bubble Sort,Gaussiano,1000,497015,248131,1986554,0,30590000,13
Bubble Sort,Gaussiano,1000,499122,258713,2033096,0,27172800,13
Bubble Sort,Gaussiano,1000,499380,245758,1981792,0,30006200,13
Bubble Sort,Gaussiano,1000,496419,253992,2008806,0,28854800,13
Bubble Sort,Gaussiano,1000,499004,247740,1988968,0,30307100,13
Bubble Sort,Gaussiano,1000,498225,240786,1959594,0,29184600,13
Bubble Sort,Gaussiano,1000,498015,246163,1980682,0,31363800,13
Bubble Sort,Gaussiano,1000,497547,252025,2003194,0,30212300,13
Bubble Sort,Gaussiano,1000,496097,247130,1980714,0,25656600,13
Bubble Sort,Gaussiano,1000,499094,250572,2000476,0,30095500,13
Bubble Sort,Gaussiano,1000,498939,245043,1978050,0,30070500,13
Bubble Sort,Gaussiano,1000,499409,242323,1968110,0,30870100,13
Bubble Sort,Gaussiano,1000,496260,244447,1970308,0,29551800,13
Bubble Sort,Gaussiano,1000,498510,252021,2005104,0,26075900,13
Bubble Sort,Gaussiano,1000,498797,251788,2004746,0,26518900,13
Bubble Sort,Gaussiano,1000,499004,259935,2037748,0,30638600,13
Bubble Sort,Gaussiano,1000,499269,258551,2032742,0,27133600,13
Bubble Sort,Gaussiano,1000,499479,243298,1972150,0,29736600,13
Bubble Sort,Gaussiano,1000,499200,252144,2006976,0,30662500,13
Bubble Sort,Gaussiano,1000,497960,258495,2029900,0,30713900,13
Bubble Sort,Gaussiano,1000,499409,242095,1967198,0,29583000,13
Bubble Sort,Gaussiano,1000,495930,243492,1965828,0,27328600,13
Bubble Sort,Gaussiano,1000,498797,251071,2001878,0,29991600,13
Bubble Sort,Gaussiano,1000,497484,246395,1980548,0,32407100,13
Bubble Sort,Gaussiano,1000,499175,247312,1987598,0,28788300,13
Bubble Sort,Gaussiano,1000,498465,248940,1992690,0,27785800,13
Bubble Sort,Gaussiano,1000,498554,247157,1985736,0,30259600,13
Insertion Sort,Gaussiano,1000,248809,248804,995244,0,13203500,12
Insertion Sort,Gaussiano,1000,261026,261027,1044122,0,14710100,12
Insertion Sort,Gaussiano,1000,245573,245574,982304,0,15099300,12
Insertion Sort,Gaussiano,1000,254807,254806,1019236,0,13456700,12
Insertion Sort,Gaussiano,1000,248197,248201,992804,0,12701000,12
Insertion Sort,Gaussiano,1000,251259,251260,1005054,0,12993500,12
Insertion Sort,Gaussiano,1000,259657,259655,1038638,0,14103200,12
Insertion Sort,Gaussiano,1000,252083,252083,1008350,0,12951500,12
Insertion Sort,Gaussiano,1000,247803,247806,991230,0,12930200,12
Insertion Sort,Gaussiano,1000,252322,252328,1009306,0,12972900,12
Insertion Sort,Gaussiano,1000,252198,252202,1008810,0,13424700,12
Insertion Sort,Gaussiano,1000,249957,249960,999850,0,13435100,12
Insertion Sort,Gaussiano,1000,245894,245892,983586,0,12605300,12
Insertion Sort,Gaussiano,1000,249883,249872,999542,0,13283300,12
Insertion Sort,Gaussiano,1000,249794,249789,999182,0,12844900,12
Insertion Sort,Gaussiano,1000,245426,245424,981718,0,13093100,12
Insertion Sort,Gaussiano,1000,252348,252349,1009410,0,13426300,12
Insertion Sort,Gaussiano,1000,244316,244316,977274,0,12656100,12
Insertion Sort,Gaussiano,1000,253183,253178,1012738,0,12944900,12
Insertion Sort,Gaussiano,1000,250146,250141,1000590,0,13265200,12
Insertion Sort,Gaussiano,1000,244098,244092,976402,0,12878300,12
Insertion Sort,Gaussiano,1000,243133,243140,972552,0,12473600,12
Insertion Sort,Gaussiano,1000,244163,244159,976660,0,12894700,12
Insertion Sort,Gaussiano,1000,249886,249882,999550,0,13028000,12
Insertion Sort,Gaussiano,1000,252269,252274,1009092,0,13759100,12
Insertion Sort,Gaussiano,1000,247092,247088,988378,0,13104300,12
Insertion Sort,Gaussiano,1000,245957,245959,983840,0,13352000,12
Insertion Sort,Gaussiano,1000,243269,243271,973088,0,12695800,12
Insertion Sort,Gaussiano,1000,252665,252663,1010672,0,13022200,12
Insertion Sort,Gaussiano,1000,256217,256216,1024878,0,13473200,12
Selection Sort,Gaussiano,1000,499500,992,1002968,0,18206400,12
Selection Sort,Gaussiano,1000,499500,993,1002972,0,16952500,12
Selection Sort,Gaussiano,1000,499500,994,1002976,0,17382100,12
Selection Sort,Gaussiano,1000,499500,992,1002968,0,16275400,12
Selection Sort,Gaussiano,1000,499500,994,1002976,0,16331000,12
Selection Sort,Gaussiano,1000,499500,993,1002972,0,16461600,12
Selection Sort,Gaussiano,1000,499500,995,1002980,0,16710600,12
Selection Sort,Gaussiano,1000,499500,994,1002976,0,16480200,12
Selection Sort,Gaussiano,1000,499500,993,1002972,0,16199900,12
Selection Sort,Gaussiano,1000,499500,990,1002960,0,16689300,12
Selection Sort,Gaussiano,1000,499500,988,1002952,0,16453300,12
Selection Sort,Gaussiano,1000,499500,991,1002964,0,16247500,12
Selection Sort,Gaussiano,1000,499500,993,1002972,0,16228000,12
Selection Sort,Gaussiano,1000,499500,996,1002984,0,16209200,12
Selection Sort,Gaussiano,1000,499500,994,1002976,0,16389200,12
Selection Sort,Gaussiano,1000,499500,992,1002968,0,17392100,12
Selection Sort,Gaussiano,1000,499500,992,1002968,0,16825400,12
Selection Sort,Gaussiano,1000,499500,991,1002964,0,16408900,12
Selection Sort,Gaussiano,1000,499500,994,1002976,0,16504100,12
Selection Sort,Gaussiano,1000,499500,988,1002952,0,16179400,12
Selection Sort,Gaussiano,1000,499500,995,1002980,0,16329300,12
Selection Sort,Gaussiano,1000,499500,995,1002980,0,17057500,12
Selection Sort,Gaussiano,1000,499500,994,1002976,0,16482200,12
Selection Sort,Gaussiano,1000,499500,994,1002976,0,16256400,12
Selection Sort,Gaussiano,1000,499500,994,1002976,0,16810800,12
Selection Sort,Gaussiano,1000,499500,996,1002984,0,16770000,12
Selection Sort,Gaussiano,1000,499500,991,1002964,0,17117800,12
Selection Sort,Gaussiano,1000,499500,993,1002972,0,16335600,12
Selection Sort,Gaussiano,1000,499500,995,1002980,0,16319600,12
Selection Sort,Gaussiano,1000,499500,994,1002976,0,16224000,12
Merge Sort,Gaussiano,1000,8722,1254,29928,11,1730100,39904
Merge Sort,Gaussiano,1000,8698,1278,29928,11,1657500,39904
Merge Sort,Gaussiano,1000,8723,1253,29928,11,1853300,39904
Merge Sort,Gaussiano,1000,8719,1257,29928,11,1603700,39904
Merge Sort,Gaussiano,1000,8722,1254,29928,11,1617700,39904
Merge Sort,Gaussiano,1000,8695,1281,29928,11,1637800,39904
Merge Sort,Gaussiano,1000,8714,1262,29928,11,1603700,39904
Merge Sort,Gaussiano,1000,8721,1255,29928,11,1684500,39904
Merge Sort,Gaussiano,1000,8702,1274,29928,11,1680700,39904
Merge Sort,Gaussiano,1000,8701,1275,29928,11,1598100,39904
Merge Sort,Gaussiano,1000,8683,1293,29928,11,1717900,39904
Merge Sort,Gaussiano,1000,8696,1280,29928,11,1720800,39904
Merge Sort,Gaussiano,1000,8734,1242,29928,11,1619100,39904
Merge Sort,Gaussiano,1000,8729,1247,29928,11,1782900,39904
Merge Sort,Gaussiano,1000,8719,1257,29928,11,1619400,39904
Merge Sort,Gaussiano,1000,8713,1263,29928,11,1664500,39904
Merge Sort,Gaussiano,1000,8723,1253,29928,11,1760900,39904
Merge Sort,Gaussiano,1000,8700,1276,29928,11,1603300,39904
Merge Sort,Gaussiano,1000,8748,1228,29928,11,1597200,39904
Merge Sort,Gaussiano,1000,8693,1283,29928,11,1517600,39904
Merge Sort,Gaussiano,1000,8706,1270,29928,11,1608800,39904
Merge Sort,Gaussiano,1000,8688,1288,29928,11,1594300,39904
Merge Sort,Gaussiano,1000,8694,1282,29928,11,1789200,39904
Merge Sort,Gaussiano,1000,8722,1254,29928,11,1624900,39904
Merge Sort,Gaussiano,1000,8701,1275,29928,11,1784400,39904
Merge Sort,Gaussiano,1000,8722,1254,29928,11,1701800,39904
Merge Sort,Gaussiano,1000,8707,1269,29928,11,1683100,39904
Merge Sort,Gaussiano,1000,8709,1267,29928,11,1719300,39904
Merge Sort,Gaussiano,1000,8691,1285,29928,11,1634000,39904
Merge Sort,Gaussiano,1000,8707,1269,29928,11,1595700,39904
Heap Sort,Gaussiano,1000,16836,9066,69936,0,1061800,12
Heap Sort,Gaussiano,1000,16831,9063,69914,0,1113300,12
Heap Sort,Gaussiano,1000,16886,9124,70268,0,1406100,12
Heap Sort,Gaussiano,1000,16860,9075,70020,0,1065400,12
Heap Sort,Gaussiano,1000,16828,9077,69964,0,1048800,12
Heap Sort,Gaussiano,1000,16881,9093,70134,0,1166700,12
Heap Sort,Gaussiano,1000,16882,9083,70096,0,1064500,12
Heap Sort,Gaussiano,1000,16809,9055,69838,0,1105500,12
Heap Sort,Gaussiano,1000,16870,9110,70180,0,1095300,12
Heap Sort,Gaussiano,1000,16881,9098,70154,0,1058000,12
Heap Sort,Gaussiano,1000,16816,9058,69864,0,1068700,12
Heap Sort,Gaussiano,1000,16886,9083,70104,0,1063300,12
Heap Sort,Gaussiano,1000,16837,9069,69950,0,1116800,12
Heap Sort,Gaussiano,1000,16809,9082,69946,0,1066000,12
Heap Sort,Gaussiano,1000,16818,9038,69788,0,1110700,12
Heap Sort,Gaussiano,1000,16802,9021,69688,0,1056900,12
Heap Sort,Gaussiano,1000,16851,9066,69966,0,1061700,12
Heap Sort,Gaussiano,1000,16838,9070,69956,0,1056700,12
Heap Sort,Gaussiano,1000,16836,9054,69888,0,1108700,12
Heap Sort,Gaussiano,1000,16855,9063,69962,0,1088700,12
Heap Sort,Gaussiano,1000,16830,9061,69904,0,1103000,12
Heap Sort,Gaussiano,1000,16875,9077,70058,0,1055000,12
Heap Sort,Gaussiano,1000,16814,9078,69940,0,1048200,12
Heap Sort,Gaussiano,1000,16826,9051,69856,0,1037300,12
Heap Sort,Gaussiano,1000,16873,9091,70110,0,1116000,12
Heap Sort,Gaussiano,1000,16816,9060,69872,0,1112000,12
Heap Sort,Gaussiano,1000,16876,9084,70088,0,1068700,12
Heap Sort,Gaussiano,1000,16775,9040,69710,0,1055500,12
Heap Sort,Gaussiano,1000,16844,9042,69856,0,1121000,12
Heap Sort,Gaussiano,1000,16796,9053,69804,0,1058100,12
Shell Sort,Gaussiano,1000,13324,11558,54164,0,817400,16
Shell Sort,Gaussiano,1000,13086,11325,53226,0,1264900,16
Shell Sort,Gaussiano,1000,13088,11332,53198,0,865400,16
Shell Sort,Gaussiano,1000,12478,10644,50756,0,763700,16
Shell Sort,Gaussiano,1000,13005,11247,52898,0,846400,16
Shell Sort,Gaussiano,1000,13213,11458,53720,0,819500,16
Shell Sort,Gaussiano,1000,12588,10779,51198,0,788400,16
Shell Sort,Gaussiano,1000,13259,11498,53852,0,821400,16
Shell Sort,Gaussiano,1000,12866,11053,52316,0,814100,16
Shell Sort,Gaussiano,1000,12552,10729,51062,0,763600,16
Shell Sort,Gaussiano,1000,13739,11980,55828,0,865600,16
Shell Sort,Gaussiano,1000,13238,11525,53862,0,798900,16
Shell Sort,Gaussiano,1000,13874,12242,56392,0,853500,16
Shell Sort,Gaussiano,1000,12994,11290,52868,0,805900,16
Shell Sort,Gaussiano,1000,12460,10618,50680,0,812200,16
Shell Sort,Gaussiano,1000,13358,11598,54282,0,822900,16
Shell Sort,Gaussiano,1000,13755,11989,55860,0,838900,16
Shell Sort,Gaussiano,1000,14141,12411,57428,0,889800,16
Shell Sort,Gaussiano,1000,12803,11065,52096,0,827000,16
Shell Sort,Gaussiano,1000,12800,10967,52024,0,830800,16
Shell Sort,Gaussiano,1000,13212,11520,53732,0,873600,16
Shell Sort,Gaussiano,1000,13147,11360,53470,0,796900,16
Shell Sort,Gaussiano,1000,12906,11179,52506,0,836600,16
Shell Sort,Gaussiano,1000,12683,10900,51616,0,774900,16
Shell Sort,Gaussiano,1000,12912,11100,52514,0,834600,16
Shell Sort,Gaussiano,1000,13459,11759,54728,0,842100,16
Shell Sort,Gaussiano,1000,13298,11531,54058,0,839500,16
Shell Sort,Gaussiano,1000,12590,10810,51258,0,767800,16
Shell Sort,Gaussiano,1000,12839,11014,52192,0,781100,16
Shell Sort,Gaussiano,1000,13118,11348,53326,0,814500,16
Quick Sort,Gaussiano,1000,11868,7329,53793,27,699500,324
Quick Sort,Gaussiano,1000,10909,6458,48385,22,790700,264
Quick Sort,Gaussiano,1000,10531,6460,47641,21,651600,252
Quick Sort,Gaussiano,1000,10950,6735,49581,22,634600,264
Quick Sort,Gaussiano,1000,10453,6853,49069,24,658300,288
Quick Sort,Gaussiano,1000,11524,6706,50609,25,638300,300
Quick Sort,Gaussiano,1000,11031,6961,50643,22,694700,264
Quick Sort,Gaussiano,1000,11817,7963,56224,25,719100,300
Quick Sort,Gaussiano,1000,11372,8010,55519,23,727000,276
Quick Sort,Gaussiano,1000,10851,7124,50939,20,653000,240
Quick Sort,Gaussiano,1000,10666,6845,49451,22,660800,264
Quick Sort,Gaussiano,1000,11578,6602,50303,23,650000,276
Quick Sort,Gaussiano,1000,10543,6857,49242,22,672100,264
Quick Sort,Gaussiano,1000,10529,6555,48008,20,607800,240
Quick Sort,Gaussiano,1000,10434,6357,47021,20,598000,240
Quick Sort,Gaussiano,1000,11964,7131,53196,26,738000,312
Quick Sort,Gaussiano,1000,10676,6217,46959,25,614400,300
Quick Sort,Gaussiano,1000,11680,6451,49904,22,655400,264
Quick Sort,Gaussiano,1000,13177,8584,61423,25,801600,300
Quick Sort,Gaussiano,1000,11330,6451,49207,23,659600,276
Quick Sort,Gaussiano,1000,11143,7164,51677,22,659700,264
Quick Sort,Gaussiano,1000,11005,7081,51080,20,634400,240
Quick Sort,Gaussiano,1000,10316,6469,47247,22,577200,264
Quick Sort,Gaussiano,1000,11178,6707,49915,22,688000,264
Quick Sort,Gaussiano,1000,10729,7006,50223,24,689800,288
Quick Sort,Gaussiano,1000,11247,6606,49657,22,702600,264
Quick Sort,Gaussiano,1000,10411,6970,49437,24,666100,288
Quick Sort,Gaussiano,1000,11164,6626,49570,25,666600,300
Quick Sort,Gaussiano,1000,10905,6460,48386,24,639800,288
Quick Sort,Gaussiano,1000,11645,7189,52787,22,686500,264
Quick Random,Gaussiano,1000,10116,7327,50272,23,722200,276
Quick Random,Gaussiano,1000,10354,7593,51821,23,818100,276
Quick Random,Gaussiano,1000,10959,8308,55892,25,764700,300
Quick Random,Gaussiano,1000,10643,7259,51054,21,683000,252
Quick Random,Gaussiano,1000,12747,9282,63358,25,883400,300
Quick Random,Gaussiano,1000,11955,7401,54250,22,740300,264
Quick Random,Gaussiano,1000,11310,7060,51583,22,731000,264
Quick Random,Gaussiano,1000,11599,6841,51292,22,917100,264
Quick Random,Gaussiano,1000,12663,9128,62567,25,802100,300
Quick Random,Gaussiano,1000,11256,7500,53244,24,717500,288
Quick Random,Gaussiano,1000,10364,6703,48270,19,695400,228
Quick Random,Gaussiano,1000,11284,7847,54691,22,745500,264
Quick Random,Gaussiano,1000,10376,7520,51570,21,735400,252
Quick Random,Gaussiano,1000,11332,8150,56000,21,729300,252
Quick Random,Gaussiano,1000,12941,9225,63511,24,879700,288
Quick Random,Gaussiano,1000,11183,8161,55748,23,749700,276
Quick Random,Gaussiano,1000,11028,7407,52425,25,717000,300
Quick Random,Gaussiano,1000,11255,7457,53086,25,765700,300
Quick Random,Gaussiano,1000,11534,7981,55728,24,777500,288
Quick Random,Gaussiano,1000,11390,7917,55187,24,836300,288
Quick Random,Gaussiano,1000,11853,8291,57605,22,784400,264
Quick Random,Gaussiano,1000,11911,8474,58460,23,883400,276
Quick Random,Gaussiano,1000,12152,8007,57073,28,783600,336
Quick Random,Gaussiano,1000,11094,7728,53833,24,712100,288
Quick Random,Gaussiano,1000,10601,7586,52286,22,722300,264
Quick Random,Gaussiano,1000,11520,7894,55357,27,748600,324
Quick Random,Gaussiano,1000,12146,7793,56202,24,777600,288
Quick Random,Gaussiano,1000,11048,6891,50399,21,721600,252
Quick Random,Gaussiano,1000,11210,7961,55005,24,719200,288
Quick Random,Gaussiano,1000,10782,7167,50974,24,695100,288
Bubble Sort,Aleatorio,5000,12493222,6199290,49783604,0,582621800,13
Bubble Sort,Aleatorio,5000,12479922,6283859,50095280,0,554345100,13
Bubble Sort,Aleatorio,5000,12496465,6211261,49837974,0,570047100,13
Bubble Sort,Aleatorio,5000,12493672,6246877,49974852,0,570156400,13
Bubble Sort,Aleatorio,5000,12496069,6277758,50103170,0,544340100,13
Bubble Sort,Aleatorio,5000,12497035,6248783,49989202,0,588820500,13
Bubble Sort,Aleatorio,5000,12484459,6242995,49940898,0,523894000,13
Bubble Sort,Aleatorio,5000,12492450,6248277,49978008,0,582504600,13
Bubble Sort,Aleatorio,5000,12486474,6318242,50245916,0,579597800,13
Bubble Sort,Aleatorio,5000,12481569,6278768,50078210,0,573054700,13
Bubble Sort,Aleatorio,5000,12497409,6337974,50346714,0,779918200,13
Bubble Sort,Aleatorio,5000,12482622,6345662,50347892,0,755668800,13
Bubble Sort,Aleatorio,5000,12495670,6312701,50242144,0,755922600,13
Bubble Sort,Aleatorio,5000,12492247,6287626,50134998,0,679951500,13
Bubble Sort,Aleatorio,5000,12491829,6254025,49999758,0,695275700,13
Bubble Sort,Aleatorio,5000,12496597,6218411,49866838,0,717211200,13
Bubble Sort,Aleatorio,5000,12494260,6193764,49763576,0,591166900,13
Bubble Sort,Aleatorio,5000,12493845,6230114,49908146,0,574765000,13
Bubble Sort,Aleatorio,5000,12492247,6303196,50197278,0,569475400,13
Bubble Sort,Aleatorio,5000,12494725,6257022,50017538,0,548986200,13
Bubble Sort,Aleatorio,5000,12482622,6152708,49576076,0,1466994900,13
Bubble Sort,Aleatorio,5000,12482794,6194556,49743812,0,1499514300,13
Bubble Sort,Aleatorio,5000,12496554,6193373,49766600,0,1031238100,13
Bubble Sort,Aleatorio,5000,12483472,6152036,49575088,0,854906000,13
Bubble Sort,Aleatorio,5000,12497094,6236277,49939296,0,856367800,13
Bubble Sort,Aleatorio,5000,12493930,6203487,49801808,0,899946000,13
Bubble Sort,Aleatorio,5000,12485872,6259363,50009196,0,655299400,13
Bubble Sort,Aleatorio,5000,12495847,6236477,49937602,0,727102700,13
Bubble Sort,Aleatorio,5000,12491059,6281704,50108934,0,771056000,13
Bubble Sort,Aleatorio,5000,12492844,6290072,50145976,0,765989800,13
Insertion Sort,Aleatorio,5000,6240189,6240187,24960772,0,324914000,12
Insertion Sort,Aleatorio,5000,6281630,6281627,25126532,0,370713500,12
Insertion Sort,Aleatorio,5000,6239646,6239656,24958610,0,335079000,12
Insertion Sort,Aleatorio,5000,6262667,6262664,25050676,0,366319400,12
Insertion Sort,Aleatorio,5000,6227706,6227706,24910838,0,340722200,12
Insertion Sort,Aleatorio,5000,6198293,6198291,24793184,0,401847700,12
Insertion Sort,Aleatorio,5000,6306080,6306090,25224350,0,444493700,12
Insertion Sort,Aleatorio,5000,6209667,6209673,24838688,0,424310500,12
Insertion Sort,Aleatorio,5000,6286524,6286514,25146100,0,376877300,12
Insertion Sort,Aleatorio,5000,6246496,6246490,24986000,0,356579000,12
Insertion Sort,Aleatorio,5000,6250620,6250616,25002496,0,350170900,12
Insertion Sort,Aleatorio,5000,6206740,6206738,24826976,0,596273200,12
Insertion Sort,Aleatorio,5000,6246002,6245998,24984020,0,353795600,12
Insertion Sort,Aleatorio,5000,6299460,6299456,25197852,0,403307900,12
Insertion Sort,Aleatorio,5000,6344756,6344758,25379034,0,381780200,12
Insertion Sort,Aleatorio,5000,6210261,6210268,24841068,0,367848900,12
Insertion Sort,Aleatorio,5000,6281809,6281814,25127258,0,322438600,12
Insertion Sort,Aleatorio,5000,6230225,6230217,24920906,0,290890200,12
Insertion Sort,Aleatorio,5000,6194532,6194532,24778144,0,385341100,12
Insertion Sort,Aleatorio,5000,6316754,6316756,25267038,0,385883000,12
Insertion Sort,Aleatorio,5000,6317750,6317755,25271020,0,365909600,12
Insertion Sort,Aleatorio,5000,6218176,6218177,24872722,0,383655900,12
Insertion Sort,Aleatorio,5000,6193857,6193855,24775436,0,367734300,12
Insertion Sort,Aleatorio,5000,6252576,6252576,25010316,0,361405500,12
Insertion Sort,Aleatorio,5000,6204538,6204537,24818172,0,367528600,12
Insertion Sort,Aleatorio,5000,6306098,6306094,25224402,0,383020500,12
Insertion Sort,Aleatorio,5000,6209478,6209471,24837924,0,493858000,12
Insertion Sort,Aleatorio,5000,6165415,6165411,24661670,0,410015800,12
Insertion Sort,Aleatorio,5000,6390402,6390400,25561618,0,429226800,12
Insertion Sort,Aleatorio,5000,6259599,6259606,25038426,0,541497800,12
Selection Sort,Aleatorio,5000,12497500,4987,25014948,0,696304700,12
Selection Sort,Aleatorio,5000,12497500,4990,25014960,0,754826600,12
Selection Sort,Aleatorio,5000,12497500,4990,25014960,0,668493300,12
Selection Sort,Aleatorio,5000,12497500,4988,25014952,0,688360700,12
Selection Sort,Aleatorio,5000,12497500,4990,25014960,0,674238200,12
Selection Sort,Aleatorio,5000,12497500,4991,25014964,0,551752400,12
Selection Sort,Aleatorio,5000,12497500,4989,25014956,0,712244000,12
Selection Sort,Aleatorio,5000,12497500,4994,25014976,0,732629100,12
Selection Sort,Aleatorio,5000,12497500,4994,25014976,0,633439800,12
Selection Sort,Aleatorio,5000,12497500,4991,25014964,0,547408000,12
Selection Sort,Aleatorio,5000,12497500,4991,25014964,0,610842100,12
Selection Sort,Aleatorio,5000,12497500,4990,25014960,0,589105200,12
Selection Sort,Aleatorio,5000,12497500,4992,25014968,0,621360800,12
Selection Sort,Aleatorio,5000,12497500,4994,25014976,0,643860500,12
Selection Sort,Aleatorio,5000,12497500,4996,25014984,0,651274200,12
Selection Sort,Aleatorio,5000,12497500,4987,25014948,0,650065800,12
Selection Sort,Aleatorio,5000,12497500,4991,25014964,0,681089700,12
Selection Sort,Aleatorio,5000,12497500,4990,25014960,0,716146000,12
Selection Sort,Aleatorio,5000,12497500,4991,25014964,0,809552300,12
Selection Sort,Aleatorio,5000,12497500,4986,25014944,0,617710300,12
Selection Sort,Aleatorio,5000,12497500,4993,25014972,0,599694400,12
Selection Sort,Aleatorio,5000,12497500,4993,25014972,0,622670400,12
Selection Sort,Aleatorio,5000,12497500,4992,25014968,0,571552800,12
Selection Sort,Aleatorio,5000,12497500,4992,25014968,0,598993500,12
Selection Sort,Aleatorio,5000,12497500,4990,25014960,0,554018600,12
Selection Sort,Aleatorio,5000,12497500,4997,25014988,0,561772800,12
Selection Sort,Aleatorio,5000,12497500,4993,25014972,0,572505100,12
Selection Sort,Aleatorio,5000,12497500,4994,25014976,0,852225000,12
Selection Sort,Aleatorio,5000,12497500,4991,25014964,0,504792800,12
Selection Sort,Aleatorio,5000,12497500,4995,25014980,0,449460900,12
Merge Sort,Aleatorio,5000,55212,6596,185424,14,18009200,247232
Merge Sort,Aleatorio,5000,55216,6592,185424,14,15577200,247232
Merge Sort,Aleatorio,5000,55197,6611,185424,14,14561500,247232
Merge Sort,Aleatorio,5000,55212,6596,185424,14,14475900,247232
Merge Sort,Aleatorio,5000,55202,6606,185424,14,15109400,247232
Merge Sort,Aleatorio,5000,55152,6656,185424,14,26879700,247232
Merge Sort,Aleatorio,5000,55205,6603,185424,14,13759600,247232
Merge Sort,Aleatorio,5000,55234,6574,185424,14,12632500,247232
Merge Sort,Aleatorio,5000,55234,6574,185424,14,16026400,247232
Merge Sort,Aleatorio,5000,55208,6600,185424,14,16630000,247232
Merge Sort,Aleatorio,5000,55253,6555,185424,14,17387900,247232
Merge Sort,Aleatorio,5000,55280,6528,185424,14,11700600,247232
Merge Sort,Aleatorio,5000,55247,6561,185424,14,25430300,247232
Merge Sort,Aleatorio,5000,55153,6655,185424,14,17489300,247232
Merge Sort,Aleatorio,5000,55221,6587,185424,14,13804600,247232
Merge Sort,Aleatorio,5000,55242,6566,185424,14,24206000,247232
Merge Sort,Aleatorio,5000,55234,6574,185424,14,16095700,247232
Merge Sort,Aleatorio,5000,55160,6648,185424,14,44206700,247232
Merge Sort,Aleatorio,5000,55138,6670,185424,14,12550300,247232
Merge Sort,Aleatorio,5000,55275,6533,185424,14,22896400,247232
Merge Sort,Aleatorio,5000,55265,6543,185424,14,16658100,247232
Merge Sort,Aleatorio,5000,55178,6630,185424,14,16761600,247232
Merge Sort,Aleatorio,5000,55229,6579,185424,14,11976800,247232
Merge Sort,Aleatorio,5000,55218,6590,185424,14,12110000,247232
Merge Sort,Aleatorio,5000,55216,6592,185424,14,11676200,247232
Merge Sort,Aleatorio,5000,55295,6513,185424,14,11517100,247232
Merge Sort,Aleatorio,5000,55236,6572,185424,14,13569600,247232
Merge Sort,Aleatorio,5000,55228,6580,185424,14,30704900,247232
Merge Sort,Aleatorio,5000,55171,6637,185424,14,14027000,247232
Merge Sort,Aleatorio,5000,55180,6628,185424,14,11573200,247232
Heap Sort,Aleatorio,5000,107684,57141,443932,0,10518400,12
Heap Sort,Aleatorio,5000,107771,57056,443766,0,11248500,12
Heap Sort,Aleatorio,5000,107593,56985,443126,0,9541300,12
Heap Sort,Aleatorio,5000,107594,57026,443292,0,25710100,12
Heap Sort,Aleatorio,5000,107656,57044,443488,0,10061700,12
Heap Sort,Aleatorio,5000,107752,57135,444044,0,7879900,12
Heap Sort,Aleatorio,5000,107664,57132,443856,0,8712100,12
Heap Sort,Aleatorio,5000,107758,57125,444016,0,8939600,12
Heap Sort,Aleatorio,5000,107645,57048,443482,0,9254400,12
Heap Sort,Aleatorio,5000,107625,57078,443562,0,9018500,12
Heap Sort,Aleatorio,5000,107713,57113,443878,0,8118600,12
Heap Sort,Aleatorio,5000,107715,57106,443854,0,23949800,12
Heap Sort,Aleatorio,5000,107691,57088,443734,0,15897800,12
Heap Sort,Aleatorio,5000,107845,57134,444226,0,20745000,12
Heap Sort,Aleatorio,5000,107737,57106,443898,0,9797200,12
Heap Sort,Aleatorio,5000,107616,57080,443552,0,9146000,12
Heap Sort,Aleatorio,5000,107663,57093,443698,0,8030700,12
Heap Sort,Aleatorio,5000,107737,57100,443874,0,6941600,12
Heap Sort,Aleatorio,5000,107682,57143,443936,0,13553600,12
Heap Sort,Aleatorio,5000,107673,57074,443642,0,8175300,12
Heap Sort,Aleatorio,5000,107666,57123,443824,0,9046100,12
Heap Sort,Aleatorio,5000,107727,57119,443930,0,9547500,12
Heap Sort,Aleatorio,5000,107776,57142,444120,0,15949000,12
Heap Sort,Aleatorio,5000,107691,57121,443866,0,11699100,12
Heap Sort,Aleatorio,5000,107570,57047,443328,0,10760200,12
Heap Sort,Aleatorio,5000,107604,57027,443316,0,8199800,12
Heap Sort,Aleatorio,5000,107715,57160,444070,0,8195900,12
Heap Sort,Aleatorio,5000,107665,57061,443574,0,8744000,12
Heap Sort,Aleatorio,5000,107696,57097,443780,0,6508300,12
Heap Sort,Aleatorio,5000,107772,57079,443860,0,9408800,12
Shell Sort,Aleatorio,5000,102708,92230,415242,0,10991800,16
Shell Sort,Aleatorio,5000,100447,89785,406116,0,11714000,16
Shell Sort,Aleatorio,5000,101055,90504,408562,0,7899800,16
Shell Sort,Aleatorio,5000,96443,85786,390090,0,7724800,16
Shell Sort,Aleatorio,5000,100489,90100,406366,0,7572800,16
Shell Sort,Aleatorio,5000,103325,92585,417476,0,8199500,16
Shell Sort,Aleatorio,5000,105820,95612,427690,0,13612600,16
Shell Sort,Aleatorio,5000,107968,97433,436118,0,5459700,16
Shell Sort,Aleatorio,5000,101035,90399,408436,0,8018600,16
Shell Sort,Aleatorio,5000,100714,90117,407188,0,7969400,16
Shell Sort,Aleatorio,5000,99082,88609,400748,0,5490700,16
Shell Sort,Aleatorio,5000,103474,92810,418214,0,6886200,16
Shell Sort,Aleatorio,5000,99066,88530,400598,0,5546800,16
Shell Sort,Aleatorio,5000,99785,89217,403684,0,7524300,16
Shell Sort,Aleatorio,5000,93976,83306,380308,0,6326200,16
Shell Sort,Aleatorio,5000,103128,92518,416878,0,8129400,16
Shell Sort,Aleatorio,5000,104277,93815,421558,0,5525900,16
Shell Sort,Aleatorio,5000,97704,87114,395212,0,7851800,16
Shell Sort,Aleatorio,5000,102821,92272,415524,0,8228200,16
Shell Sort,Aleatorio,5000,100964,90494,408184,0,5466100,16
Shell Sort,Aleatorio,5000,108414,98414,438058,0,8306200,16
Shell Sort,Aleatorio,5000,102339,91754,413584,0,9257000,16
Shell Sort,Aleatorio,5000,101115,90617,408742,0,7531600,16
Shell Sort,Aleatorio,5000,100638,90249,406984,0,8338400,16
Shell Sort,Aleatorio,5000,101199,90721,409130,0,7623600,16
Shell Sort,Aleatorio,5000,100242,89696,405338,0,7929800,16
Shell Sort,Aleatorio,5000,99601,88750,402730,0,8308600,16
Shell Sort,Aleatorio,5000,97333,86600,393558,0,6518300,16
Shell Sort,Aleatorio,5000,102288,91800,413384,0,5507800,16
Shell Sort,Aleatorio,5000,98932,88232,399928,0,7842300,16
Quick Sort,Aleatorio,5000,75054,48828,348734,33,3834400,396
Quick Sort,Aleatorio,5000,74393,43933,327862,34,8153400,408
Quick Sort,Aleatorio,5000,65930,37393,284758,27,3387700,324
Quick Sort,Aleatorio,5000,71316,41067,310236,29,4927500,348
Quick Sort,Aleatorio,5000,73476,36913,297933,29,5849300,348
Quick Sort,Aleatorio,5000,74528,41998,320356,31,5279900,372
Quick Sort,Aleatorio,5000,65767,36215,279726,26,4562800,312
Quick Sort,Aleatorio,5000,69488,41047,306509,29,3803900,348
Quick Sort,Aleatorio,5000,70232,35835,287139,26,4542800,312
Quick Sort,Aleatorio,5000,72115,37180,296285,32,4785600,384
Quick Sort,Aleatorio,5000,67632,36963,286461,25,4702500,300
Quick Sort,Aleatorio,5000,67867,37656,289687,27,3427400,324
Quick Sort,Aleatorio,5000,70113,37512,293608,27,4643500,324
Quick Sort,Aleatorio,5000,70063,39457,301275,26,4900100,312
Quick Sort,Aleatorio,5000,72730,41133,313314,29,3542300,348
Quick Sort,Aleatorio,5000,67524,34866,277843,28,4517100,336
Quick Sort,Aleatorio,5000,68493,39522,298415,26,4559600,312
Quick Sort,Aleatorio,5000,69853,38684,297798,29,4931300,348
Quick Sort,Aleatorio,5000,78351,40202,320834,28,4991400,336
Quick Sort,Aleatorio,5000,67594,38735,293452,26,4801200,312
Quick Sort,Aleatorio,5000,71902,40959,310986,30,4958700,360
Quick Sort,Aleatorio,5000,74708,42715,323598,34,4175900,408
Quick Sort,Aleatorio,5000,71039,35093,285778,28,3386800,336
Quick Sort,Aleatorio,5000,81364,39847,325460,30,5131400,360
Quick Sort,Aleatorio,5000,71594,44884,326049,27,5862700,324
Quick Sort,Aleatorio,5000,66838,36715,283877,26,4608000,312
Quick Sort,Aleatorio,5000,68102,37546,289739,26,3462000,312
Quick Sort,Aleatorio,5000,73904,39983,311055,27,4543100,324
Quick Sort,Aleatorio,5000,70824,41605,311360,30,4832400,360
Quick Sort,Aleatorio,5000,67995,38920,294999,28,5479300,336
Quick Random,Aleatorio,5000,77573,43256,331515,32,9378400,384
Quick Random,Aleatorio,5000,66929,39550,295388,28,6544800,336
Quick Random,Aleatorio,5000,71253,42415,315510,30,5426700,360
Quick Random,Aleatorio,5000,70774,42349,314256,31,4475600,372
Quick Random,Aleatorio,5000,68917,41226,306056,27,5022000,324
Quick Random,Aleatorio,5000,71674,45939,330453,29,5337200,348
Quick Random,Aleatorio,5000,69311,41511,307997,29,5204600,348
Quick Random,Aleatorio,5000,71373,42133,314626,32,5389500,384
Quick Random,Aleatorio,5000,69384,43107,314530,27,5059900,324
Quick Random,Aleatorio,5000,69016,38365,294796,28,5374800,336
Quick Random,Aleatorio,5000,71876,44478,324984,26,3687100,312
Quick Random,Aleatorio,5000,65417,38910,289820,24,4631900,288
Quick Random,Aleatorio,5000,72469,40185,309002,27,5253600,324
Quick Random,Aleatorio,5000,66540,39703,295214,25,4680700,300
Quick Random,Aleatorio,5000,69088,40262,302574,26,4587500,312
Quick Random,Aleatorio,5000,69507,42473,312232,27,3821300,324
Quick Random,Aleatorio,5000,75895,47353,344513,30,3778500,360
Quick Random,Aleatorio,5000,70597,44450,322323,27,5478900,324
Quick Random,Aleatorio,5000,65455,40563,296496,27,3688300,324
Quick Random,Aleatorio,5000,68452,43540,314387,26,3884600,312
Quick Random,Aleatorio,5000,70370,39013,300125,30,4051200,360
Quick Random,Aleatorio,5000,73937,45402,332813,27,5098300,324
Quick Random,Aleatorio,5000,71290,42034,314073,32,4957400,384
Quick Random,Aleatorio,5000,68743,40745,303784,27,6518000,324
Quick Random,Aleatorio,5000,70239,39170,300489,28,6044300,336
Quick Random,Aleatorio,5000,72061,42309,316700,30,4627700,360
Quick Random,Aleatorio,5000,78009,47578,349681,33,6495900,396
Quick Random,Aleatorio,5000,70878,38516,299171,27,3943500,324
Quick Random,Aleatorio,5000,71730,41076,311107,30,5086900,360
Quick Random,Aleatorio,5000,70881,45134,325625,28,6441500,336
Bubble Sort,Ordenado,5000,4999,0,9998,0,297100,13
Bubble Sort,Ordenado,5000,4999,0,9998,0,1102300,13
Bubble Sort,Ordenado,5000,4999,0,9998,0,169600,13
Bubble Sort,Ordenado,5000,4999,0,9998,0,210800,13
Bubble Sort,Ordenado,5000,4999,0,9998,0,235100,13
Bubble Sort,Ordenado,5000,4999,0,9998,0,192700,13
Bubble Sort,Ordenado,5000,4999,0,9998,0,218900,13
Bubble Sort,Ordenado,5000,4999,0,9998,0,601000,13
Bubble Sort,Ordenado,5000,4999,0,9998,0,163000,13
Bubble Sort,Ordenado,5000,4999,0,9998,0,266900,13
Bubble Sort,Ordenado,5000,4999,0,9998,0,174600,13
Bubble Sort,Ordenado,5000,4999,0,9998,0,237400,13
Bubble Sort,Ordenado,5000,4999,0,9998,0,175300,13
Bubble Sort,Ordenado,5000,4999,0,9998,0,195400,13
Bubble Sort,Ordenado,5000,4999,0,9998,0,176300,13
Bubble Sort,Ordenado,5000,4999,0,9998,0,240900,13
Bubble Sort,Ordenado,5000,4999,0,9998,0,215000,13
Bubble Sort,Ordenado,5000,4999,0,9998,0,174400,13
Bubble Sort,Ordenado,5000,4999,0,9998,0,242600,13
Bubble Sort,Ordenado,5000,4999,0,9998,0,189900,13
Bubble Sort,Ordenado,5000,4999,0,9998,0,138600,13
Bubble Sort,Ordenado,5000,4999,0,9998,0,272800,13
Bubble Sort,Ordenado,5000,4999,0,9998,0,275800,13
Bubble Sort,Ordenado,5000,4999,0,9998,0,480200,13
Bubble Sort,Ordenado,5000,4999,0,9998,0,311600,13
Bubble Sort,Ordenado,5000,4999,0,9998,0,181900,13
Bubble Sort,Ordenado,5000,4999,0,9998,0,125400,13
Bubble Sort,Ordenado,5000,4999,0,9998,0,231200,13
Bubble Sort,Ordenado,5000,4999,0,9998,0,218300,13
Bubble Sort,Ordenado,5000,4999,0,9998,0,217900,13
Insertion Sort,Ordenado,5000,4999,0,19996,0,390000,12
Insertion Sort,Ordenado,5000,4999,0,19996,0,271300,12
Insertion Sort,Ordenado,5000,4999,0,19996,0,286700,12
Insertion Sort,Ordenado,5000,4999,0,19996,0,420800,12
Insertion Sort,Ordenado,5000,4999,0,19996,0,454000,12
Insertion Sort,Ordenado,5000,4999,0,19996,0,264100,12
Insertion Sort,Ordenado,5000,4999,0,19996,0,454800,12
Insertion Sort,Ordenado,5000,4999,0,19996,0,345100,12
Insertion Sort,Ordenado,5000,4999,0,19996,0,242800,12
Insertion Sort,Ordenado,5000,4999,0,19996,0,385700,12
Insertion Sort,Ordenado,5000,4999,0,19996,0,387600,12
Insertion Sort,Ordenado,5000,4999,0,19996,0,392000,12
Insertion Sort,Ordenado,5000,4999,0,19996,0,392500,12
Insertion Sort,Ordenado,5000,4999,0,19996,0,385900,12
Insertion Sort,Ordenado,5000,4999,0,19996,0,395500,12
Insertion Sort,Ordenado,5000,4999,0,19996,0,387000,12
Insertion Sort,Ordenado,5000,4999,0,19996,0,273300,12
Insertion Sort,Ordenado,5000,4999,0,19996,0,337300,12
Insertion Sort,Ordenado,5000,4999,0,19996,0,297600,12
Insertion Sort,Ordenado,5000,4999,0,19996,0,207800,12
Insertion Sort,Ordenado,5000,4999,0,19996,0,340900,12
Insertion Sort,Ordenado,5000,4999,0,19996,0,282700,12
Insertion Sort,Ordenado,5000,4999,0,19996,0,366400,12
Insertion Sort,Ordenado,5000,4999,0,19996,0,439400,12
Insertion Sort,Ordenado,5000,4999,0,19996,0,288900,12
Insertion Sort,Ordenado,5000,4999,0,19996,0,392500,12
Insertion Sort,Ordenado,5000,4999,0,19996,0,395900,12
Insertion Sort,Ordenado,5000,4999,0,19996,0,388600,12
Insertion Sort,Ordenado,5000,4999,0,19996,0,344900,12
Insertion Sort,Ordenado,5000,4999,0,19996,0,2078600,12
Selection Sort,Ordenado,5000,12497500,0,24995000,0,476238700,12
Selection Sort,Ordenado,5000,12497500,0,24995000,0,480196800,12
Selection Sort,Ordenado,5000,12497500,0,24995000,0,495620000,12
Selection Sort,Ordenado,5000,12497500,0,24995000,0,490087000,12
Selection Sort,Ordenado,5000,12497500,0,24995000,0,488986700,12
Selection Sort,Ordenado,5000,12497500,0,24995000,0,487431000,12
Selection Sort,Ordenado,5000,12497500,0,24995000,0,481338500,12
Selection Sort,Ordenado,5000,12497500,0,24995000,0,473416300,12
Selection Sort,Ordenado,5000,12497500,0,24995000,0,487230400,12
Selection Sort,Ordenado,5000,12497500,0,24995000,0,492965500,12
Selection Sort,Ordenado,5000,12497500,0,24995000,0,601065800,12
Selection Sort,Ordenado,5000,12497500,0,24995000,0,477942600,12
Selection Sort,Ordenado,5000,12497500,0,24995000,0,623837600,12
Selection Sort,Ordenado,5000,12497500,0,24995000,0,472546100,12
Selection Sort,Ordenado,5000,12497500,0,24995000,0,477069400,12
Selection Sort,Ordenado,5000,12497500,0,24995000,0,488568800,12
Selection Sort,Ordenado,5000,12497500,0,24995000,0,487791600,12
Selection Sort,Ordenado,5000,12497500,0,24995000,0,637047200,12
Selection Sort,Ordenado,5000,12497500,0,24995000,0,513594400,12
Selection Sort,Ordenado,5000,12497500,0,24995000,0,498745500,12
Selection Sort,Ordenado,5000,12497500,0,24995000,0,516049100,12
Selection Sort,Ordenado,5000,12497500,0,24995000,0,454391100,12
Selection Sort,Ordenado,5000,12497500,0,24995000,0,534291100,12
Selection Sort,Ordenado,5000,12497500,0,24995000,0,296973900,12
Selection Sort,Ordenado,5000,12497500,0,24995000,0,330204900,12
Selection Sort,Ordenado,5000,12497500,0,24995000,0,432629700,12
Selection Sort,Ordenado,5000,12497500,0,24995000,0,466553200,12
Selection Sort,Ordenado,5000,12497500,0,24995000,0,275910900,12
Selection Sort,Ordenado,5000,12497500,0,24995000,0,687665500,12
Selection Sort,Ordenado,5000,12497500,0,24995000,0,338561200,12
Merge Sort,Ordenado,5000,32004,29804,185424,14,8238700,247232
Merge Sort,Ordenado,5000,32004,29804,185424,14,13626000,247232
Merge Sort,Ordenado,5000,32004,29804,185424,14,6203500,247232
Merge Sort,Ordenado,5000,32004,29804,185424,14,8970600,247232
Merge Sort,Ordenado,5000,32004,29804,185424,14,8189500,247232
Merge Sort,Ordenado,5000,32004,29804,185424,14,23875600,247232
Merge Sort,Ordenado,5000,32004,29804,185424,14,13024600,247232
Merge Sort,Ordenado,5000,32004,29804,185424,14,14306300,247232
Merge Sort,Ordenado,5000,32004,29804,185424,14,21987100,247232
Merge Sort,Ordenado,5000,32004,29804,185424,14,11086400,247232
Merge Sort,Ordenado,5000,32004,29804,185424,14,7575100,247232
Merge Sort,Ordenado,5000,32004,29804,185424,14,10438500,247232
Merge Sort,Ordenado,5000,32004,29804,185424,14,7853200,247232
Merge Sort,Ordenado,5000,32004,29804,185424,14,7766900,247232
Merge Sort,Ordenado,5000,32004,29804,185424,14,10638900,247232
Merge Sort,Ordenado,5000,32004,29804,185424,14,16275800,247232
Merge Sort,Ordenado,5000,32004,29804,185424,14,21807200,247232
Merge Sort,Ordenado,5000,32004,29804,185424,14,15275500,247232
Merge Sort,Ordenado,5000,32004,29804,185424,14,13351100,247232
Merge Sort,Ordenado,5000,32004,29804,185424,14,16524000,247232
Merge Sort,Ordenado,5000,32004,29804,185424,14,10568700,247232
Merge Sort,Ordenado,5000,32004,29804,185424,14,6362600,247232
Merge Sort,Ordenado,5000,32004,29804,185424,14,6447400,247232
Merge Sort,Ordenado,5000,32004,29804,185424,14,6193400,247232
Merge Sort,Ordenado,5000,32004,29804,185424,14,13404500,247232
Merge Sort,Ordenado,5000,32004,29804,185424,14,14563100,247232
Merge Sort,Ordenado,5000,32004,29804,185424,14,11796900,247232
Merge Sort,Ordenado,5000,32004,29804,185424,14,5478400,247232
Merge Sort,Ordenado,5000,32004,29804,185424,14,9520600,247232
Merge Sort,Ordenado,5000,32004,29804,185424,14,9802700,247232
Heap Sort,Ordenado,5000,112126,60932,467980,0,21236100,12
Heap Sort,Ordenado,5000,112126,60932,467980,0,6994900,12
Heap Sort,Ordenado,5000,112126,60932,467980,0,7097400,12
Heap Sort,Ordenado,5000,112126,60932,467980,0,7960700,12
Heap Sort,Ordenado,5000,112126,60932,467980,0,16862900,12
Heap Sort,Ordenado,5000,112126,60932,467980,0,8426500,12
Heap Sort,Ordenado,5000,112126,60932,467980,0,7634100,12
Heap Sort,Ordenado,5000,112126,60932,467980,0,13225700,12
Heap Sort,Ordenado,5000,112126,60932,467980,0,13038400,12
Heap Sort,Ordenado,5000,112126,60932,467980,0,15898200,12
Heap Sort,Ordenado,5000,112126,60932,467980,0,7245000,12
Heap Sort,Ordenado,5000,112126,60932,467980,0,8165400,12
Heap Sort,Ordenado,5000,112126,60932,467980,0,18310700,12
Heap Sort,Ordenado,5000,112126,60932,467980,0,8503200,12
Heap Sort,Ordenado,5000,112126,60932,467980,0,10685800,12
Heap Sort,Ordenado,5000,112126,60932,467980,0,10239400,12
Heap Sort,Ordenado,5000,112126,60932,467980,0,6900600,12
Heap Sort,Ordenado,5000,112126,60932,467980,0,6821300,12
Heap Sort,Ordenado,5000,112126,60932,467980,0,5016200,12
Heap Sort,Ordenado,5000,112126,60932,467980,0,7327500,12
Heap Sort,Ordenado,5000,112126,60932,467980,0,5188000,12
Heap Sort,Ordenado,5000,112126,60932,467980,0,8955400,12
Heap Sort,Ordenado,5000,112126,60932,467980,0,9020800,12
Heap Sort,Ordenado,5000,112126,60932,467980,0,9269000,12
Heap Sort,Ordenado,5000,112126,60932,467980,0,7236600,12
Heap Sort,Ordenado,5000,112126,60932,467980,0,10264100,12
Heap Sort,Ordenado,5000,112126,60932,467980,0,11551300,12
Heap Sort,Ordenado,5000,112126,60932,467980,0,10753200,12
Heap Sort,Ordenado,5000,112126,60932,467980,0,8465200,12
Heap Sort,Ordenado,5000,112126,60932,467980,0,8802700,12
Shell Sort,Ordenado,5000,35084,0,140336,0,1219300,16
Shell Sort,Ordenado,5000,35084,0,140336,0,1774800,16
Shell Sort,Ordenado,5000,35084,0,140336,0,1835000,16
Shell Sort,Ordenado,5000,35084,0,140336,0,1506200,16
Shell Sort,Ordenado,5000,35084,0,140336,0,2222300,16
Shell Sort,Ordenado,5000,35084,0,140336,0,2118300,16
Shell Sort,Ordenado,5000,35084,0,140336,0,2603200,16
Shell Sort,Ordenado,5000,35084,0,140336,0,1777600,16
Shell Sort,Ordenado,5000,35084,0,140336,0,1287300,16
Shell Sort,Ordenado,5000,35084,0,140336,0,1825600,16
Shell Sort,Ordenado,5000,35084,0,140336,0,2118900,16
Shell Sort,Ordenado,5000,35084,0,140336,0,1931700,16
Shell Sort,Ordenado,5000,35084,0,140336,0,1747200,16
Shell Sort,Ordenado,5000,35084,0,140336,0,2375800,16
Shell Sort,Ordenado,5000,35084,0,140336,0,2375300,16
Shell Sort,Ordenado,5000,35084,0,140336,0,2410800,16
Shell Sort,Ordenado,5000,35084,0,140336,0,2522500,16
Shell Sort,Ordenado,5000,35084,0,140336,0,2778000,16
Shell Sort,Ordenado,5000,35084,0,140336,0,1808800,16
Shell Sort,Ordenado,5000,35084,0,140336,0,2115400,16
Shell Sort,Ordenado,5000,35084,0,140336,0,1858700,16
Shell Sort,Ordenado,5000,35084,0,140336,0,1745500,16
Shell Sort,Ordenado,5000,35084,0,140336,0,1679600,16
Shell Sort,Ordenado,5000,35084,0,140336,0,3087500,16
Shell Sort,Ordenado,5000,35084,0,140336,0,1553400,16
Shell Sort,Ordenado,5000,35084,0,140336,0,1940800,16
Shell Sort,Ordenado,5000,35084,0,140336,0,3896800,16
Shell Sort,Ordenado,5000,35084,0,140336,0,2377100,16
Shell Sort,Ordenado,5000,35084,0,140336,0,1787200,16
Shell Sort,Ordenado,5000,35084,0,140336,0,1795800,16
Quick Sort,Ordenado,5000,12497500,12502499,75009995,5000,535539900,60000
Quick Sort,Ordenado,5000,12497500,12502499,75009995,5000,559615100,60000
Quick Sort,Ordenado,5000,12497500,12502499,75009995,5000,515484800,60000
Quick Sort,Ordenado,5000,12497500,12502499,75009995,5000,505025100,60000
Quick Sort,Ordenado,5000,12497500,12502499,75009995,5000,568642300,60000
Quick Sort,Ordenado,5000,12497500,12502499,75009995,5000,509894700,60000
Quick Sort,Ordenado,5000,12497500,12502499,75009995,5000,502897900,60000
Quick Sort,Ordenado,5000,12497500,12502499,75009995,5000,556799400,60000
Quick Sort,Ordenado,5000,12497500,12502499,75009995,5000,488745700,60000
Quick Sort,Ordenado,5000,12497500,12502499,75009995,5000,513122200,60000
Quick Sort,Ordenado,5000,12497500,12502499,75009995,5000,507506300,60000
Quick Sort,Ordenado,5000,12497500,12502499,75009995,5000,498144500,60000
Quick Sort,Ordenado,5000,12497500,12502499,75009995,5000,501235600,60000
Quick Sort,Ordenado,5000,12497500,12502499,75009995,5000,494438100,60000
Quick Sort,Ordenado,5000,12497500,12502499,75009995,5000,559814700,60000
Quick Sort,Ordenado,5000,12497500,12502499,75009995,5000,507990900,60000
Quick Sort,Ordenado,5000,12497500,12502499,75009995,5000,504839300,60000
Quick Sort,Ordenado,5000,12497500,12502499,75009995,5000,632916700,60000
Quick Sort,Ordenado,5000,12497500,12502499,75009995,5000,805126800,60000
Quick Sort,Ordenado,5000,12497500,12502499,75009995,5000,807295500,60000
Quick Sort,Ordenado,5000,12497500,12502499,75009995,5000,641561000,60000
Quick Sort,Ordenado,5000,12497500,12502499,75009995,5000,651370000,60000
Quick Sort,Ordenado,5000,12497500,12502499,75009995,5000,690475100,60000
Quick Sort,Ordenado,5000,12497500,12502499,75009995,5000,625813400,60000
Quick Sort,Ordenado,5000,12497500,12502499,75009995,5000,576807100,60000
Quick Sort,Ordenado,5000,12497500,12502499,75009995,5000,636606400,60000
Quick Sort,Ordenado,5000,12497500,12502499,75009995,5000,590022600,60000
Quick Sort,Ordenado,5000,12497500,12502499,75009995,5000,640476700,60000
Quick Sort,Ordenado,5000,12497500,12502499,75009995,5000,612472500,60000
Quick Sort,Ordenado,5000,12497500,12502499,75009995,5000,656191500,60000
Quick Random,Ordenado,5000,76087,49132,352091,29,3985500,348
Quick Random,Ordenado,5000,76087,49132,352091,29,4691600,348
Quick Random,Ordenado,5000,76087,49132,352091,29,4284200,348
Quick Random,Ordenado,5000,76087,49132,352091,29,7601100,348
Quick Random,Ordenado,5000,76087,49132,352091,29,3753900,348
Quick Random,Ordenado,5000,76087,49132,352091,29,5332700,348
Quick Random,Ordenado,5000,76087,49132,352091,29,4572800,348
Quick Random,Ordenado,5000,76087,49132,352091,29,4477800,348
Quick Random,Ordenado,5000,76087,49132,352091,29,4285300,348
Quick Random,Ordenado,5000,76087,49132,352091,29,6596200,348
Quick Random,Ordenado,5000,76087,49132,352091,29,4277300,348
Quick Random,Ordenado,5000,76087,49132,352091,29,4060200,348
Quick Random,Ordenado,5000,76087,49132,352091,29,3866800,348
Quick Random,Ordenado,5000,76087,49132,352091,29,3226100,348
Quick Random,Ordenado,5000,76087,49132,352091,29,3985900,348
Quick Random,Ordenado,5000,76087,49132,352091,29,4034400,348
Quick Random,Ordenado,5000,76087,49132,352091,29,4237900,348
Quick Random,Ordenado,5000,76087,49132,352091,29,4509700,348
Quick Random,Ordenado,5000,76087,49132,352091,29,5469100,348
Quick Random,Ordenado,5000,76087,49132,352091,29,3997900,348
Quick Random,Ordenado,5000,76087,49132,352091,29,3867400,348
Quick Random,Ordenado,5000,76087,49132,352091,29,4093700,348
Quick Random,Ordenado,5000,76087,49132,352091,29,5059300,348
Quick Random,Ordenado,5000,76087,49132,352091,29,4282400,348
Quick Random,Ordenado,5000,76087,49132,352091,29,4002200,348
Quick Random,Ordenado,5000,76087,49132,352091,29,7863900,348
Quick Random,Ordenado,5000,76087,49132,352091,29,3724300,348
Quick Random,Ordenado,5000,76087,49132,352091,29,5591400,348
Quick Random,Ordenado,5000,76087,49132,352091,29,3270800,348
Quick Random,Ordenado,5000,76087,49132,352091,29,3736600,348
Bubble Sort,Reverso,5000,12497500,12497500,74985000,0,699467300,13
Bubble Sort,Reverso,5000,12497500,12497500,74985000,0,706537100,13
Bubble Sort,Reverso,5000,12497500,12497500,74985000,0,745932800,13
Bubble Sort,Reverso,5000,12497500,12497500,74985000,0,702061600,13
Bubble Sort,Reverso,5000,12497500,12497500,74985000,0,611250600,13
Bubble Sort,Reverso,5000,12497500,12497500,74985000,0,603149800,13
Bubble Sort,Reverso,5000,12497500,12497500,74985000,0,688993000,13
Bubble Sort,Reverso,5000,12497500,12497500,74985000,0,646965100,13
Bubble Sort,Reverso,5000,12497500,12497500,74985000,0,635209800,13
Bubble Sort,Reverso,5000,12497500,12497500,74985000,0,643632800,13
Bubble Sort,Reverso,5000,12497500,12497500,74985000,0,626643500,13
Bubble Sort,Reverso,5000,12497500,12497500,74985000,0,623513500,13
Bubble Sort,Reverso,5000,12497500,12497500,74985000,0,606275800,13
Bubble Sort,Reverso,5000,12497500,12497500,74985000,0,624207800,13
Bubble Sort,Reverso,5000,12497500,12497500,74985000,0,600414400,13
Bubble Sort,Reverso,5000,12497500,12497500,74985000,0,592408100,13
Bubble Sort,Reverso,5000,12497500,12497500,74985000,0,619438500,13
Bubble Sort,Reverso,5000,12497500,12497500,74985000,0,595904100,13
Bubble Sort,Reverso,5000,12497500,12497500,74985000,0,620845000,13
Bubble Sort,Reverso,5000,12497500,12497500,74985000,0,597477000,13
Bubble Sort,Reverso,5000,12497500,12497500,74985000,0,681400600,13
Bubble Sort,Reverso,5000,12497500,12497500,74985000,0,607424300,13
Bubble Sort,Reverso,5000,12497500,12497500,74985000,0,595337300,13
Bubble Sort,Reverso,5000,12497500,12497500,74985000,0,590799100,13
Bubble Sort,Reverso,5000,12497500,12497500,74985000,0,696433100,13
Bubble Sort,Reverso,5000,12497500,12497500,74985000,0,613325700,13
Bubble Sort,Reverso,5000,12497500,12497500,74985000,0,593006200,13
Bubble Sort,Reverso,5000,12497500,12497500,74985000,0,615641500,13
Bubble Sort,Reverso,5000,12497500,12497500,74985000,0,591839900,13
Bubble Sort,Reverso,5000,12497500,12497500,74985000,0,646151700,13
Insertion Sort,Reverso,5000,12497500,12502499,49999998,0,449616000,12
Insertion Sort,Reverso,5000,12497500,12502499,49999998,0,466409000,12
Insertion Sort,Reverso,5000,12497500,12502499,49999998,0,454400900,12
Insertion Sort,Reverso,5000,12497500,12502499,49999998,0,410862500,12
Insertion Sort,Reverso,5000,12497500,12502499,49999998,0,406777700,12
Insertion Sort,Reverso,5000,12497500,12502499,49999998,0,427681700,12
Insertion Sort,Reverso,5000,12497500,12502499,49999998,0,428520400,12
Insertion Sort,Reverso,5000,12497500,12502499,49999998,0,439731800,12
Insertion Sort,Reverso,5000,12497500,12502499,49999998,0,398723200,12
Insertion Sort,Reverso,5000,12497500,12502499,49999998,0,391055500,12
Insertion Sort,Reverso,5000,12497500,12502499,49999998,0,409527400,12
Insertion Sort,Reverso,5000,12497500,12502499,49999998,0,426435800,12
Insertion Sort,Reverso,5000,12497500,12502499,49999998,0,424211400,12
Insertion Sort,Reverso,5000,12497500,12502499,49999998,0,462268000,12
Insertion Sort,Reverso,5000,12497500,12502499,49999998,0,497844300,12
Insertion Sort,Reverso,5000,12497500,12502499,49999998,0,390590900,12
Insertion Sort,Reverso,5000,12497500,12502499,49999998,0,527546000,12
Insertion Sort,Reverso,5000,12497500,12502499,49999998,0,424057400,12
Insertion Sort,Reverso,5000,12497500,12502499,49999998,0,401787000,12
Insertion Sort,Reverso,5000,12497500,12502499,49999998,0,397081700,12
Insertion Sort,Reverso,5000,12497500,12502499,49999998,0,397153600,12
Insertion Sort,Reverso,5000,12497500,12502499,49999998,0,394596400,12
Insertion Sort,Reverso,5000,12497500,12502499,49999998,0,413350100,12
Insertion Sort,Reverso,5000,12497500,12502499,49999998,0,401740900,12
Insertion Sort,Reverso,5000,12497500,12502499,49999998,0,413992600,12
Insertion Sort,Reverso,5000,12497500,12502499,49999998,0,400432200,12
Insertion Sort,Reverso,5000,12497500,12502499,49999998,0,402125300,12
Insertion Sort,Reverso,5000,12497500,12502499,49999998,0,424153300,12
Insertion Sort,Reverso,5000,12497500,12502499,49999998,0,437112100,12
Insertion Sort,Reverso,5000,12497500,12502499,49999998,0,433074100,12
Selection Sort,Reverso,5000,12497500,2500,25005000,0,289287600,12
Selection Sort,Reverso,5000,12497500,2500,25005000,0,268379000,12
Selection Sort,Reverso,5000,12497500,2500,25005000,0,274450300,12
Selection Sort,Reverso,5000,12497500,2500,25005000,0,269247200,12
Selection Sort,Reverso,5000,12497500,2500,25005000,0,288775100,12
Selection Sort,Reverso,5000,12497500,2500,25005000,0,267823800,12
Selection Sort,Reverso,5000,12497500,2500,25005000,0,292559000,12
Selection Sort,Reverso,5000,12497500,2500,25005000,0,276381500,12
Selection Sort,Reverso,5000,12497500,2500,25005000,0,266822700,12
Selection Sort,Reverso,5000,12497500,2500,25005000,0,259064800,12
Selection Sort,Reverso,5000,12497500,2500,25005000,0,279888600,12
Selection Sort,Reverso,5000,12497500,2500,25005000,0,264455300,12
Selection Sort,Reverso,5000,12497500,2500,25005000,0,268662400,12
Selection Sort,Reverso,5000,12497500,2500,25005000,0,270192400,12
Selection Sort,Reverso,5000,12497500,2500,25005000,0,299133200,12
Selection Sort,Reverso,5000,12497500,2500,25005000,0,264278100,12
Selection Sort,Reverso,5000,12497500,2500,25005000,0,270237000,12
Selection Sort,Reverso,5000,12497500,2500,25005000,0,267775100,12
Selection Sort,Reverso,5000,12497500,2500,25005000,0,272865700,12
Selection Sort,Reverso,5000,12497500,2500,25005000,0,271211300,12
Selection Sort,Reverso,5000,12497500,2500,25005000,0,278538000,12
Selection Sort,Reverso,5000,12497500,2500,25005000,0,277055100,12
Selection Sort,Reverso,5000,12497500,2500,25005000,0,277079600,12
Selection Sort,Reverso,5000,12497500,2500,25005000,0,267803500,12
Selection Sort,Reverso,5000,12497500,2500,25005000,0,314957000,12
Selection Sort,Reverso,5000,12497500,2500,25005000,0,398192200,12
Selection Sort,Reverso,5000,12497500,2500,25005000,0,289323900,12
Selection Sort,Reverso,5000,12497500,2500,25005000,0,319158200,12
Selection Sort,Reverso,5000,12497500,2500,25005000,0,380406100,12
Selection Sort,Reverso,5000,12497500,2500,25005000,0,295007000,12
Merge Sort,Reverso,5000,29804,32004,185424,14,12551300,247232
Merge Sort,Reverso,5000,29804,32004,185424,14,8070900,247232
Merge Sort,Reverso,5000,29804,32004,185424,14,8497900,247232
Merge Sort,Reverso,5000,29804,32004,185424,14,5726600,247232
Merge Sort,Reverso,5000,29804,32004,185424,14,7306900,247232
Merge Sort,Reverso,5000,29804,32004,185424,14,7932900,247232
Merge Sort,Reverso,5000,29804,32004,185424,14,7651900,247232
Merge Sort,Reverso,5000,29804,32004,185424,14,9696000,247232
Merge Sort,Reverso,5000,29804,32004,185424,14,7854500,247232
Merge Sort,Reverso,5000,29804,32004,185424,14,8668800,247232
Merge Sort,Reverso,5000,29804,32004,185424,14,8049500,247232
Merge Sort,Reverso,5000,29804,32004,185424,14,8379100,247232
Merge Sort,Reverso,5000,29804,32004,185424,14,10666100,247232
Merge Sort,Reverso,5000,29804,32004,185424,14,10456600,247232
Merge Sort,Reverso,5000,29804,32004,185424,14,12735900,247232
Merge Sort,Reverso,5000,29804,32004,185424,14,8482200,247232
Merge Sort,Reverso,5000,29804,32004,185424,14,10230400,247232
Merge Sort,Reverso,5000,29804,32004,185424,14,8120600,247232
Merge Sort,Reverso,5000,29804,32004,185424,14,9270700,247232
Merge Sort,Reverso,5000,29804,32004,185424,14,18914500,247232
Merge Sort,Reverso,5000,29804,32004,185424,14,8888800,247232
Merge Sort,Reverso,5000,29804,32004,185424,14,10474100,247232
Merge Sort,Reverso,5000,29804,32004,185424,14,9951100,247232
Merge Sort,Reverso,5000,29804,32004,185424,14,10016200,247232
Merge Sort,Reverso,5000,29804,32004,185424,14,9756000,247232
Merge Sort,Reverso,5000,29804,32004,185424,14,9923700,247232
Merge Sort,Reverso,5000,29804,32004,185424,14,10642200,247232
Merge Sort,Reverso,5000,29804,32004,185424,14,9419400,247232
Merge Sort,Reverso,5000,29804,32004,185424,14,8797500,247232
Merge Sort,Reverso,5000,29804,32004,185424,14,9632000,247232
Heap Sort,Reverso,5000,103227,53436,420198,0,11476300,12
Heap Sort,Reverso,5000,103227,53436,420198,0,15738700,12
Heap Sort,Reverso,5000,103227,53436,420198,0,6166900,12
Heap Sort,Reverso,5000,103227,53436,420198,0,5854900,12
Heap Sort,Reverso,5000,103227,53436,420198,0,6662700,12
Heap Sort,Reverso,5000,103227,53436,420198,0,4818100,12
Heap Sort,Reverso,5000,103227,53436,420198,0,4696200,12
Heap Sort,Reverso,5000,103227,53436,420198,0,4845900,12
Heap Sort,Reverso,5000,103227,53436,420198,0,7072700,12
Heap Sort,Reverso,5000,103227,53436,420198,0,6351900,12
Heap Sort,Reverso,5000,103227,53436,420198,0,6421500,12
Heap Sort,Reverso,5000,103227,53436,420198,0,4893500,12
Heap Sort,Reverso,5000,103227,53436,420198,0,4673100,12
Heap Sort,Reverso,5000,103227,53436,420198,0,4882800,12
Heap Sort,Reverso,5000,103227,53436,420198,0,7018800,12
Heap Sort,Reverso,5000,103227,53436,420198,0,6398200,12
Heap Sort,Reverso,5000,103227,53436,420198,0,7082800,12
Heap Sort,Reverso,5000,103227,53436,420198,0,7016700,12
Heap Sort,Reverso,5000,103227,53436,420198,0,5296600,12
Heap Sort,Reverso,5000,103227,53436,420198,0,4956400,12
Heap Sort,Reverso,5000,103227,53436,420198,0,4904300,12
Heap Sort,Reverso,5000,103227,53436,420198,0,6865600,12
Heap Sort,Reverso,5000,103227,53436,420198,0,7657200,12
Heap Sort,Reverso,5000,103227,53436,420198,0,6908100,12
Heap Sort,Reverso,5000,103227,53436,420198,0,7778200,12
Heap Sort,Reverso,5000,103227,53436,420198,0,6633100,12
Heap Sort,Reverso,5000,103227,53436,420198,0,7740300,12
Heap Sort,Reverso,5000,103227,53436,420198,0,8574900,12
Heap Sort,Reverso,5000,103227,53436,420198,0,6338400,12
Heap Sort,Reverso,5000,103227,53436,420198,0,6242400,12
Shell Sort,Reverso,5000,51491,35549,211574,0,7411100,16
Shell Sort,Reverso,5000,51491,35549,211574,0,2886600,16
Shell Sort,Reverso,5000,51491,35549,211574,0,2837000,16
Shell Sort,Reverso,5000,51491,35549,211574,0,3047500,16
Shell Sort,Reverso,5000,51491,35549,211574,0,3242000,16
Shell Sort,Reverso,5000,51491,35549,211574,0,2975000,16
Shell Sort,Reverso,5000,51491,35549,211574,0,3281200,16
Shell Sort,Reverso,5000,51491,35549,211574,0,2941400,16
Shell Sort,Reverso,5000,51491,35549,211574,0,2930800,16
Shell Sort,Reverso,5000,51491,35549,211574,0,2870100,16
Shell Sort,Reverso,5000,51491,35549,211574,0,3639200,16
Shell Sort,Reverso,5000,51491,35549,211574,0,3137300,16
Shell Sort,Reverso,5000,51491,35549,211574,0,3029200,16
Shell Sort,Reverso,5000,51491,35549,211574,0,2867500,16
Shell Sort,Reverso,5000,51491,35549,211574,0,3095800,16
Shell Sort,Reverso,5000,51491,35549,211574,0,2867900,16
Shell Sort,Reverso,5000,51491,35549,211574,0,2875600,16
Shell Sort,Reverso,5000,51491,35549,211574,0,2882500,16
Shell Sort,Reverso,5000,51491,35549,211574,0,2972800,16
Shell Sort,Reverso,5000,51491,35549,211574,0,2857600,16
Shell Sort,Reverso,5000,51491,35549,211574,0,2809500,16
Shell Sort,Reverso,5000,51491,35549,211574,0,2794900,16
Shell Sort,Reverso,5000,51491,35549,211574,0,3475900,16
Shell Sort,Reverso,5000,51491,35549,211574,0,2916500,16
Shell Sort,Reverso,5000,51491,35549,211574,0,2808600,16
Shell Sort,Reverso,5000,51491,35549,211574,0,2932500,16
Shell Sort,Reverso,5000,51491,35549,211574,0,3053400,16
Shell Sort,Reverso,5000,51491,35549,211574,0,2808200,16
Shell Sort,Reverso,5000,51491,35549,211574,0,2848500,16
Shell Sort,Reverso,5000,51491,35549,211574,0,2118500,16
Quick Sort,Reverso,5000,12497500,6252499,50009995,5000,422865700,60000
Quick Sort,Reverso,5000,12497500,6252499,50009995,5000,423650100,60000
Quick Sort,Reverso,5000,12497500,6252499,50009995,5000,408737300,60000
Quick Sort,Reverso,5000,12497500,6252499,50009995,5000,384219600,60000
Quick Sort,Reverso,5000,12497500,6252499,50009995,5000,363435700,60000
Quick Sort,Reverso,5000,12497500,6252499,50009995,5000,353223800,60000
Quick Sort,Reverso,5000,12497500,6252499,50009995,5000,368682800,60000
Quick Sort,Reverso,5000,12497500,6252499,50009995,5000,372143200,60000
Quick Sort,Reverso,5000,12497500,6252499,50009995,5000,386800500,60000
Quick Sort,Reverso,5000,12497500,6252499,50009995,5000,382727400,60000
Quick Sort,Reverso,5000,12497500,6252499,50009995,5000,372963000,60000
Quick Sort,Reverso,5000,12497500,6252499,50009995,5000,358664900,60000
Quick Sort,Reverso,5000,12497500,6252499,50009995,5000,352188600,60000
Quick Sort,Reverso,5000,12497500,6252499,50009995,5000,367197900,60000
Quick Sort,Reverso,5000,12497500,6252499,50009995,5000,353859900,60000
Quick Sort,Reverso,5000,12497500,6252499,50009995,5000,369190400,60000
Quick Sort,Reverso,5000,12497500,6252499,50009995,5000,363942000,60000
Quick Sort,Reverso,5000,12497500,6252499,50009995,5000,458654300,60000
Quick Sort,Reverso,5000,12497500,6252499,50009995,5000,369634600,60000
Quick Sort,Reverso,5000,12497500,6252499,50009995,5000,387521400,60000
Quick Sort,Reverso,5000,12497500,6252499,50009995,5000,383771100,60000
Quick Sort,Reverso,5000,12497500,6252499,50009995,5000,368625500,60000
Quick Sort,Reverso,5000,12497500,6252499,50009995,5000,382125000,60000
Quick Sort,Reverso,5000,12497500,6252499,50009995,5000,362122700,60000
Quick Sort,Reverso,5000,12497500,6252499,50009995,5000,366101200,60000
Quick Sort,Reverso,5000,12497500,6252499,50009995,5000,347934100,60000
Quick Sort,Reverso,5000,12497500,6252499,50009995,5000,366353800,60000
Quick Sort,Reverso,5000,12497500,6252499,50009995,5000,361166700,60000
Quick Sort,Reverso,5000,12497500,6252499,50009995,5000,378621500,60000
Quick Sort,Reverso,5000,12497500,6252499,50009995,5000,355788900,60000
Quick Random,Reverso,5000,74553,43684,327177,29,4292700,348
Quick Random,Reverso,5000,74553,43684,327177,29,5289700,348
Quick Random,Reverso,5000,74553,43684,327177,29,3976800,348
Quick Random,Reverso,5000,74553,43684,327177,29,3987600,348
Quick Random,Reverso,5000,74553,43684,327177,29,4621100,348
Quick Random,Reverso,5000,74553,43684,327177,29,3833600,348
Quick Random,Reverso,5000,74553,43684,327177,29,3977900,348
Quick Random,Reverso,5000,74553,43684,327177,29,5046000,348
Quick Random,Reverso,5000,74553,43684,327177,29,5039800,348
Quick Random,Reverso,5000,74553,43684,327177,29,3801500,348
Quick Random,Reverso,5000,74553,43684,327177,29,3423800,348
Quick Random,Reverso,5000,74553,43684,327177,29,3524300,348
Quick Random,Reverso,5000,74553,43684,327177,29,3473200,348
Quick Random,Reverso,5000,74553,43684,327177,29,4733500,348
Quick Random,Reverso,5000,74553,43684,327177,29,3796000,348
Quick Random,Reverso,5000,74553,43684,327177,29,3576700,348
Quick Random,Reverso,5000,74553,43684,327177,29,4066900,348
Quick Random,Reverso,5000,74553,43684,327177,29,5001700,348
Quick Random,Reverso,5000,74553,43684,327177,29,3250500,348
Quick Random,Reverso,5000,74553,43684,327177,29,3386600,348
Quick Random,Reverso,5000,74553,43684,327177,29,4432000,348
Quick Random,Reverso,5000,74553,43684,327177,29,4747100,348
Quick Random,Reverso,5000,74553,43684,327177,29,3557300,348
Quick Random,Reverso,5000,74553,43684,327177,29,4627200,348
Quick Random,Reverso,5000,74553,43684,327177,29,3699200,348
Quick Random,Reverso,5000,74553,43684,327177,29,5763700,348
Quick Random,Reverso,5000,74553,43684,327177,29,2814400,348
Quick Random,Reverso,5000,74553,43684,327177,29,5609900,348
Quick Random,Reverso,5000,74553,43684,327177,29,3459100,348
Quick Random,Reverso,5000,74553,43684,327177,29,2880900,348
Bubble Sort,Parcial,5000,12484620,1461202,30814048,0,339907000,13
Bubble Sort,Parcial,5000,12487347,1445422,30756382,0,365219900,13
Bubble Sort,Parcial,5000,12490597,1467770,30852274,0,386491900,13
Bubble Sort,Parcial,5000,12453840,1434616,30646144,0,474919300,13
Bubble Sort,Parcial,5000,12463570,1418062,30599388,0,490382200,13
Bubble Sort,Parcial,5000,12484297,1409198,30605386,0,343415900,13
Bubble Sort,Parcial,5000,12454429,1436562,30655106,0,312325900,13
Bubble Sort,Parcial,5000,12489372,1340818,30342016,0,304572300,13
Bubble Sort,Parcial,5000,12470935,1534216,31078734,0,311415900,13
Bubble Sort,Parcial,5000,12460644,1453820,30736568,0,311988600,13
Bubble Sort,Parcial,5000,12458160,1384190,30453080,0,309867800,13
Bubble Sort,Parcial,5000,12480109,1383380,30493738,0,317546800,13
Bubble Sort,Parcial,5000,12484620,1414228,30626152,0,330589600,13
Bubble Sort,Parcial,5000,12452650,1434856,30644724,0,305683800,13
Bubble Sort,Parcial,5000,12457314,1422373,30604120,0,355445900,13
Bubble Sort,Parcial,5000,12483472,1452246,30775928,0,324011200,13
Bubble Sort,Parcial,5000,12448672,1420452,30579152,0,314453100,13
Bubble Sort,Parcial,5000,12454429,1404586,30527202,0,307288000,13
Bubble Sort,Parcial,5000,12493672,1495030,30967464,0,336992700,13
Bubble Sort,Parcial,5000,12464604,1393612,30503656,0,469836500,13
Bubble Sort,Parcial,5000,12484620,1457640,30799800,0,334324300,13
Bubble Sort,Parcial,5000,12468820,1458261,30770684,0,320480200,13
Bubble Sort,Parcial,5000,12465369,1476760,30837778,0,317117700,13
Bubble Sort,Parcial,5000,12487909,1513772,31030906,0,309095700,13
Bubble Sort,Parcial,5000,12486769,1413544,30627714,0,343109700,13
Bubble Sort,Parcial,5000,12466624,1477652,30843856,0,341665000,13
Bubble Sort,Parcial,5000,12435372,1356278,30295856,0,327075900,13
Bubble Sort,Parcial,5000,12475764,1483370,30885008,0,328558200,13
Bubble Sort,Parcial,5000,12479545,1386100,30503490,0,343609500,13
Bubble Sort,Parcial,5000,12491722,1389674,30542140,0,304466300,13
Insertion Sort,Parcial,5000,1393172,1393160,5572688,0,58535800,12
Insertion Sort,Parcial,5000,1408015,1408010,5632064,0,57772200,12
Insertion Sort,Parcial,5000,1357587,1357561,5430348,0,56290100,12
Insertion Sort,Parcial,5000,1422739,1422728,5690956,0,50376600,12
Insertion Sort,Parcial,5000,1415003,1414989,5660012,0,47653300,12
Insertion Sort,Parcial,5000,1489785,1489773,5959140,0,52237600,12
Insertion Sort,Parcial,5000,1448953,1448933,5795812,0,50167500,12
Insertion Sort,Parcial,5000,1442365,1442358,5769464,0,47723200,12
Insertion Sort,Parcial,5000,1405605,1405591,5622424,0,48645000,12
Insertion Sort,Parcial,5000,1452661,1452647,5810644,0,54011900,12
Insertion Sort,Parcial,5000,1402679,1402661,5610716,0,56032500,12
Insertion Sort,Parcial,5000,1440749,1440715,5762996,0,52306700,12
Insertion Sort,Parcial,5000,1449499,1449484,5797996,0,59241400,12
Insertion Sort,Parcial,5000,1449173,1449160,5796692,0,48073200,12
Insertion Sort,Parcial,5000,1474911,1474909,5899648,0,56819800,12
Insertion Sort,Parcial,5000,1369119,1369105,5476476,0,60496900,12
Insertion Sort,Parcial,5000,1411541,1411529,5646168,0,51923700,12
Insertion Sort,Parcial,5000,1456422,1456415,5825688,0,61953300,12
Insertion Sort,Parcial,5000,1460533,1460521,5842132,0,60262500,12
Insertion Sort,Parcial,5000,1475483,1475473,5901932,0,57211300,12
Insertion Sort,Parcial,5000,1438927,1438908,5755708,0,57150600,12
Insertion Sort,Parcial,5000,1514417,1514394,6057668,0,59344800,12
Insertion Sort,Parcial,5000,1420803,1420788,5683212,0,49432400,12
Insertion Sort,Parcial,5000,1411684,1411665,5646736,0,50730200,12
Insertion Sort,Parcial,5000,1419929,1419885,5679716,0,48168400,12
Insertion Sort,Parcial,5000,1464025,1464004,5856100,0,46958900,12
Insertion Sort,Parcial,5000,1482900,1482894,5931600,0,50231300,12
Insertion Sort,Parcial,5000,1448621,1448608,5794484,0,65063600,12
Insertion Sort,Parcial,5000,1405797,1405770,5623188,0,50462600,12
Insertion Sort,Parcial,5000,1487861,1487845,5951444,0,48711500,12
Selection Sort,Parcial,5000,12497500,500,24997000,0,302585900,12
Selection Sort,Parcial,5000,12497500,500,24997000,0,479458800,12
Selection Sort,Parcial,5000,12497500,500,24997000,0,279131400,12
Selection Sort,Parcial,5000,12497500,500,24997000,0,306930200,12
Selection Sort,Parcial,5000,12497500,500,24997000,0,269090200,12
Selection Sort,Parcial,5000,12497500,500,24997000,0,268168800,12
Selection Sort,Parcial,5000,12497500,500,24997000,0,264114200,12
Selection Sort,Parcial,5000,12497500,500,24997000,0,258774900,12
Selection Sort,Parcial,5000,12497500,500,24997000,0,262386900,12
Selection Sort,Parcial,5000,12497500,500,24997000,0,259983300,12
Selection Sort,Parcial,5000,12497500,500,24997000,0,265403400,12
Selection Sort,Parcial,5000,12497500,500,24997000,0,250455400,12
Selection Sort,Parcial,5000,12497500,500,24997000,0,258054200,12
Selection Sort,Parcial,5000,12497500,500,24997000,0,277088900,12
Selection Sort,Parcial,5000,12497500,500,24997000,0,264281900,12
Selection Sort,Parcial,5000,12497500,500,24997000,0,271318600,12
Selection Sort,Parcial,5000,12497500,498,24996992,0,262104000,12
Selection Sort,Parcial,5000,12497500,500,24997000,0,263486200,12
Selection Sort,Parcial,5000,12497500,500,24997000,0,273343000,12
Selection Sort,Parcial,5000,12497500,500,24997000,0,272595000,12
Selection Sort,Parcial,5000,12497500,500,24997000,0,284579400,12
Selection Sort,Parcial,5000,12497500,500,24997000,0,275086500,12
Selection Sort,Parcial,5000,12497500,500,24997000,0,263799600,12
Selection Sort,Parcial,5000,12497500,500,24997000,0,266088700,12
Selection Sort,Parcial,5000,12497500,499,24996996,0,265559100,12
Selection Sort,Parcial,5000,12497500,500,24997000,0,255773000,12
Selection Sort,Parcial,5000,12497500,500,24997000,0,254467400,12
Selection Sort,Parcial,5000,12497500,499,24996996,0,271193400,12
Selection Sort,Parcial,5000,12497500,500,24997000,0,261825200,12
Selection Sort,Parcial,5000,12497500,500,24997000,0,279643700,12
Merge Sort,Parcial,5000,52676,9132,185424,14,10002400,247232
Merge Sort,Parcial,5000,52900,8908,185424,14,8602700,247232
Merge Sort,Parcial,5000,52422,9386,185424,14,9443900,247232
Merge Sort,Parcial,5000,53060,8748,185424,14,6812300,247232
Merge Sort,Parcial,5000,52614,9194,185424,14,7221000,247232
Merge Sort,Parcial,5000,52132,9676,185424,14,9513300,247232
Merge Sort,Parcial,5000,52541,9267,185424,14,10946300,247232
Merge Sort,Parcial,5000,52244,9564,185424,14,8493900,247232
Merge Sort,Parcial,5000,52785,9023,185424,14,7929200,247232
Merge Sort,Parcial,5000,52916,8892,185424,14,6961500,247232
Merge Sort,Parcial,5000,52732,9076,185424,14,8754500,247232
Merge Sort,Parcial,5000,52934,8874,185424,14,11543700,247232
Merge Sort,Parcial,5000,52968,8840,185424,14,7340300,247232
Merge Sort,Parcial,5000,52685,9123,185424,14,12549300,247232
Merge Sort,Parcial,5000,52928,8880,185424,14,12537400,247232
Merge Sort,Parcial,5000,52420,9388,185424,14,11978000,247232
Merge Sort,Parcial,5000,52716,9092,185424,14,6287800,247232
Merge Sort,Parcial,5000,52816,8992,185424,14,8593900,247232
Merge Sort,Parcial,5000,52661,9147,185424,14,6753600,247232
Merge Sort,Parcial,5000,53010,8798,185424,14,6584100,247232
Merge Sort,Parcial,5000,52530,9278,185424,14,9872900,247232
Merge Sort,Parcial,5000,52677,9131,185424,14,7542600,247232
Merge Sort,Parcial,5000,52413,9395,185424,14,5743600,247232
Merge Sort,Parcial,5000,52683,9125,185424,14,7279500,247232
Merge Sort,Parcial,5000,52929,8879,185424,14,14927100,247232
Merge Sort,Parcial,5000,52888,8920,185424,14,9530600,247232
Merge Sort,Parcial,5000,52714,9094,185424,14,8687800,247232
Merge Sort,Parcial,5000,52778,9030,185424,14,8255000,247232
Merge Sort,Parcial,5000,52670,9138,185424,14,5687100,247232
Merge Sort,Parcial,5000,52661,9147,185424,14,6589300,247232
Heap Sort,Parcial,5000,111167,60002,462342,0,7817000,12
Heap Sort,Parcial,5000,111262,60054,462740,0,14337000,12
Heap Sort,Parcial,5000,111235,60080,462790,0,8082400,12
Heap Sort,Parcial,5000,111297,60068,462866,0,5401600,12
Heap Sort,Parcial,5000,111297,60050,462794,0,6904900,12
Heap Sort,Parcial,5000,111186,59982,462300,0,5070900,12
Heap Sort,Parcial,5000,111235,60066,462734,0,7031200,12
Heap Sort,Parcial,5000,111200,60018,462472,0,7369400,12
Heap Sort,Parcial,5000,111199,59978,462310,0,6523300,12
Heap Sort,Parcial,5000,111183,60009,462402,0,7980800,12
Heap Sort,Parcial,5000,111237,60008,462506,0,7503800,12
Heap Sort,Parcial,5000,111251,60030,462622,0,6266800,12
Heap Sort,Parcial,5000,111214,60018,462500,0,4937600,12
Heap Sort,Parcial,5000,111124,59918,461920,0,6453200,12
Heap Sort,Parcial,5000,111156,59966,462176,0,9035100,12
Heap Sort,Parcial,5000,111236,60024,462568,0,6296300,12
Heap Sort,Parcial,5000,111229,60024,462554,0,9051700,12
Heap Sort,Parcial,5000,111244,60038,462640,0,9518500,12
Heap Sort,Parcial,5000,111158,59982,462244,0,5873400,12
Heap Sort,Parcial,5000,111168,60011,462380,0,5201800,12
Heap Sort,Parcial,5000,111234,60068,462740,0,6210100,12
Heap Sort,Parcial,5000,111249,60033,462630,0,9140700,12
Heap Sort,Parcial,5000,111271,60056,462766,0,6431800,12
Heap Sort,Parcial,5000,111155,59994,462286,0,9130200,12
Heap Sort,Parcial,5000,111220,59988,462392,0,7657700,12
Heap Sort,Parcial,5000,111140,59986,462224,0,8410000,12
Heap Sort,Parcial,5000,111264,60043,462700,0,9147300,12
Heap Sort,Parcial,5000,111194,60012,462436,0,6136200,12
Heap Sort,Parcial,5000,111251,60030,462622,0,5143100,12
Heap Sort,Parcial,5000,111150,59986,462244,0,5978000,12
Shell Sort,Parcial,5000,86474,69498,346620,0,9843400,16
Shell Sort,Parcial,5000,82564,65663,331120,0,5514100,16
Shell Sort,Parcial,5000,82016,64859,328938,0,4431300,16
Shell Sort,Parcial,5000,84831,68071,340270,0,6750800,16
Shell Sort,Parcial,5000,82857,65975,332266,0,4470400,16
Shell Sort,Parcial,5000,86958,70392,348672,0,5066100,16
Shell Sort,Parcial,5000,84669,68157,339730,0,5222600,16
Shell Sort,Parcial,5000,81869,64884,328326,0,4962200,16
Shell Sort,Parcial,5000,82454,65634,330812,0,4735800,16
Shell Sort,Parcial,5000,82077,65120,329174,0,5211700,16
Shell Sort,Parcial,5000,94364,78265,378452,0,5774900,16
Shell Sort,Parcial,5000,84347,67271,338090,0,4542700,16
Shell Sort,Parcial,5000,83089,66091,333154,0,5212500,16
Shell Sort,Parcial,5000,84308,67392,338136,0,5354500,16
Shell Sort,Parcial,5000,85665,69049,343578,0,5058000,16
Shell Sort,Parcial,5000,87992,71533,352868,0,3894800,16
Shell Sort,Parcial,5000,87860,71195,352308,0,4938100,16
Shell Sort,Parcial,5000,84964,68064,340704,0,5250400,16
Shell Sort,Parcial,5000,85705,69260,343742,0,6907700,16
Shell Sort,Parcial,5000,84196,67369,337696,0,4556700,16
Shell Sort,Parcial,5000,84673,67937,339646,0,6827400,16
Shell Sort,Parcial,5000,83376,66510,334384,0,6716700,16
Shell Sort,Parcial,5000,83348,66717,334360,0,5156100,16
Shell Sort,Parcial,5000,84453,67574,338658,0,5428500,16
Shell Sort,Parcial,5000,84341,67385,338258,0,3544200,16
Shell Sort,Parcial,5000,82594,65787,331280,0,3917400,16
Shell Sort,Parcial,5000,82431,65769,330642,0,7391500,16
Shell Sort,Parcial,5000,86028,69386,345052,0,5275100,16
Shell Sort,Parcial,5000,86461,69604,346758,0,5974200,16
Shell Sort,Parcial,5000,82670,65884,331568,0,4778700,16
Quick Sort,Parcial,5000,161203,66390,591850,70,9906200,840
Quick Sort,Parcial,5000,172033,107087,776260,73,20388400,876
Quick Sort,Parcial,5000,188008,113837,835209,83,9502300,996
Quick Sort,Parcial,5000,181501,79446,684595,78,7544600,936
Quick Sort,Parcial,5000,120443,75670,547504,67,4478600,804
Quick Sort,Parcial,5000,107389,64201,475388,62,5178600,744
Quick Sort,Parcial,5000,109294,58195,455213,59,4335100,708
Quick Sort,Parcial,5000,158891,106945,749367,91,6871700,1092
Quick Sort,Parcial,5000,155819,105575,737848,85,6802900,1020
Quick Sort,Parcial,5000,174768,86696,700180,81,5891800,972
Quick Sort,Parcial,5000,145862,56673,522328,81,4625900,972
Quick Sort,Parcial,5000,131512,76872,574418,71,5323600,852
Quick Sort,Parcial,5000,150331,75029,604683,79,4378700,948
Quick Sort,Parcial,5000,173351,97064,738811,86,7066300,1032
Quick Sort,Parcial,5000,139814,88775,638576,77,7291000,924
Quick Sort,Parcial,5000,168348,92472,710414,77,6727900,924
Quick Sort,Parcial,5000,106679,58488,451200,71,4309900,852
Quick Sort,Parcial,5000,164770,100559,735592,103,7001700,1236
Quick Sort,Parcial,5000,141030,86014,629932,80,5745300,960
Quick Sort,Parcial,5000,111003,59481,463756,58,3376200,696
Quick Sort,Parcial,5000,153009,92054,678093,97,4694100,1164
Quick Sort,Parcial,5000,231164,139345,1023569,97,7156600,1164
Quick Sort,Parcial,5000,107390,58019,450696,65,3428900,780
Quick Sort,Parcial,5000,133096,67302,539269,65,5817200,780
Quick Sort,Parcial,5000,194962,142668,964431,91,6666500,1092
Quick Sort,Parcial,5000,118727,53360,454669,64,3372100,768
Quick Sort,Parcial,5000,145168,80047,614389,67,7016400,804
Quick Sort,Parcial,5000,228377,103716,875460,101,6071900,1212
Quick Sort,Parcial,5000,163199,110681,772964,78,9368200,936
Quick Sort,Parcial,5000,136637,72408,566727,91,5078600,1092
Quick Random,Parcial,5000,79895,46894,350713,31,4134600,372
Quick Random,Parcial,5000,70798,45327,326242,30,4305200,360
Quick Random,Parcial,5000,71725,42413,316449,28,5300900,336
Quick Random,Parcial,5000,70395,44850,323538,26,3818400,312
Quick Random,Parcial,5000,69891,42482,313040,26,2678400,312
Quick Random,Parcial,5000,72042,42834,318776,29,2680900,348
Quick Random,Parcial,5000,76624,40195,317378,36,3121400,432
Quick Random,Parcial,5000,75735,46167,339482,28,4140800,336
Quick Random,Parcial,5000,73213,43067,322021,30,3222700,360
Quick Random,Parcial,5000,74950,42115,321703,31,4038300,372
Quick Random,Parcial,5000,74536,45847,335805,27,3056100,324
Quick Random,Parcial,5000,73451,43342,323601,27,3250700,324
Quick Random,Parcial,5000,69359,40471,303950,27,3087500,324
Quick Random,Parcial,5000,67623,43427,312307,26,2889300,312
Quick Random,Parcial,5000,67343,38844,293405,27,2487300,324
Quick Random,Parcial,5000,78234,41592,326170,33,3031600,396
Quick Random,Parcial,5000,83896,45990,355087,33,2894800,396
Quick Random,Parcial,5000,74477,42121,320810,30,2631900,360
Quick Random,Parcial,5000,72551,41946,316249,28,4370400,336
Quick Random,Parcial,5000,72889,40350,310507,28,2691000,336
Quick Random,Parcial,5000,76010,44390,332902,31,3316300,372
Quick Random,Parcial,5000,76173,42674,326409,30,3119600,360
Quick Random,Parcial,5000,69649,40537,304789,29,3288300,348
Quick Random,Parcial,5000,71416,43406,319810,29,2883900,348
Quick Random,Parcial,5000,78167,43075,331986,32,3352000,384
Quick Random,Parcial,5000,75682,41616,321157,32,3935800,384
Quick Random,Parcial,5000,75046,40420,315128,30,3483700,360
Quick Random,Parcial,5000,66620,39709,295403,26,2813500,312
Quick Random,Parcial,5000,77395,51097,362520,32,3328500,384
Quick Random,Parcial,5000,72779,40726,311790,29,3189400,348
Bubble Sort,Repetitivo,5000,12487060,6236078,49918432,0,493937200,13
Bubble Sort,Repetitivo,5000,12479355,6203649,49773306,0,513140100,13
Bubble Sort,Repetitivo,5000,12495015,6140844,49553406,0,503181300,13
Bubble Sort,Repetitivo,5000,12497224,6246692,49981216,0,504401100,13
Bubble Sort,Repetitivo,5000,12496465,6196839,49780286,0,503356000,13
Bubble Sort,Repetitivo,5000,12497445,6200147,49795478,0,476837800,13
Bubble Sort,Repetitivo,5000,12493845,6307943,50219462,0,478517500,13
Bubble Sort,Repetitivo,5000,12495609,6169053,49667430,0,490976200,13
Bubble Sort,Repetitivo,5000,12497269,6213693,49849310,0,484181200,13
Bubble Sort,Repetitivo,5000,12496510,6198433,49786752,0,509477400,13
Bubble Sort,Repetitivo,5000,12494872,6191327,49755052,0,479153000,13
Bubble Sort,Repetitivo,5000,12496554,6031729,49120024,0,501119900,13
Bubble Sort,Repetitivo,5000,12496797,6373269,50486670,0,518625400,13
Bubble Sort,Repetitivo,5000,12494014,6294217,50164896,0,487991200,13
Bubble Sort,Repetitivo,5000,12484134,6183495,49702248,0,490144500,13
Bubble Sort,Repetitivo,5000,12491614,6111570,49429508,0,475698500,13
Bubble Sort,Repetitivo,5000,12496122,6270669,50074920,0,488753700,13
Bubble Sort,Repetitivo,5000,12496465,6291143,50157502,0,478599200,13
Bubble Sort,Repetitivo,5000,12488985,6204947,49797758,0,483450200,13
Bubble Sort,Repetitivo,5000,12497200,6280261,50115444,0,487199400,13
Bubble Sort,Repetitivo,5000,12471622,6152124,49551740,0,469817500,13
Bubble Sort,Repetitivo,5000,12492247,6172509,49674530,0,487203200,13
Bubble Sort,Repetitivo,5000,12490945,6268146,50054474,0,506199700,13
Bubble Sort,Repetitivo,5000,12485872,6180038,49691896,0,504216500,13
Bubble Sort,Repetitivo,5000,12496905,6266892,50061378,0,473139700,13
Bubble Sort,Repetitivo,5000,12487060,6241027,49938228,0,496878200,13
Bubble Sort,Repetitivo,5000,12494097,6223611,49882638,0,516369000,13
Bubble Sort,Repetitivo,5000,12488589,6137784,49528314,0,492802800,13
Bubble Sort,Repetitivo,5000,12483805,6223616,49862074,0,485893500,13
Bubble Sort,Repetitivo,5000,12495015,6298303,50183242,0,509682200,13
Insertion Sort,Repetitivo,5000,6174171,6174164,24696690,0,206961200,12
Insertion Sort,Repetitivo,5000,6187969,6187962,24751892,0,205633300,12
Insertion Sort,Repetitivo,5000,6222576,6222570,24890322,0,201680500,12
Insertion Sort,Repetitivo,5000,6244255,6244245,24977036,0,210608500,12
Insertion Sort,Repetitivo,5000,6173733,6173728,24694946,0,228995500,12
Insertion Sort,Repetitivo,5000,6301923,6301921,25207710,0,201533000,12
Insertion Sort,Repetitivo,5000,6328381,6328382,25313544,0,205077700,12
Insertion Sort,Repetitivo,5000,6335574,6335578,25342314,0,192792600,12
Insertion Sort,Repetitivo,5000,6315826,6315815,25263310,0,193050700,12
Insertion Sort,Repetitivo,5000,6339347,6339342,25357402,0,193341700,12
Insertion Sort,Repetitivo,5000,6273441,6273436,25093772,0,197832200,12
Insertion Sort,Repetitivo,5000,6243112,6243110,24972460,0,194642300,12
Insertion Sort,Repetitivo,5000,6290398,6290394,25161604,0,202576100,12
Insertion Sort,Repetitivo,5000,6232910,6232910,24931660,0,193104200,12
Insertion Sort,Repetitivo,5000,6335742,6335740,25342980,0,198993300,12
Insertion Sort,Repetitivo,5000,6213905,6213902,24855630,0,185086000,12
Insertion Sort,Repetitivo,5000,6271074,6271063,25084298,0,191383600,12
Insertion Sort,Repetitivo,5000,6294928,6294925,25179724,0,188022500,12
Insertion Sort,Repetitivo,5000,6140238,6140231,24560966,0,203690100,12
Insertion Sort,Repetitivo,5000,6238679,6238682,24954736,0,199958700,12
Insertion Sort,Repetitivo,5000,6347205,6347197,25388834,0,197499000,12
Insertion Sort,Repetitivo,5000,6307306,6307294,25229232,0,193463000,12
Insertion Sort,Repetitivo,5000,6229770,6229765,24919096,0,201416000,12
Insertion Sort,Repetitivo,5000,6299888,6299888,25199566,0,201956800,12
Insertion Sort,Repetitivo,5000,6276686,6276680,25106750,0,197253400,12
Insertion Sort,Repetitivo,5000,6239661,6239651,24958654,0,192238400,12
Insertion Sort,Repetitivo,5000,6165576,6165570,24662320,0,199225900,12
Insertion Sort,Repetitivo,5000,6228176,6228166,24912716,0,187659800,12
Insertion Sort,Repetitivo,5000,6196592,6196588,24786380,0,199685900,12
Insertion Sort,Repetitivo,5000,6208456,6208456,24833844,0,191319100,12
Selection Sort,Repetitivo,5000,12497500,4991,25014964,0,266240000,12
Selection Sort,Repetitivo,5000,12497500,4985,25014940,0,256012600,12
Selection Sort,Repetitivo,5000,12497500,4988,25014952,0,264673400,12
Selection Sort,Repetitivo,5000,12497500,4990,25014960,0,261594600,12
Selection Sort,Repetitivo,5000,12497500,4986,25014944,0,259997300,12
Selection Sort,Repetitivo,5000,12497500,4984,25014936,0,279046900,12
Selection Sort,Repetitivo,5000,12497500,4987,25014948,0,254168100,12
Selection Sort,Repetitivo,5000,12497500,4987,25014948,0,258479000,12
Selection Sort,Repetitivo,5000,12497500,4990,25014960,0,270650100,12
Selection Sort,Repetitivo,5000,12497500,4987,25014948,0,247333000,12
Selection Sort,Repetitivo,5000,12497500,4991,25014964,0,265317800,12
Selection Sort,Repetitivo,5000,12497500,4989,25014956,0,256663100,12
Selection Sort,Repetitivo,5000,12497500,4987,25014948,0,256914100,12
Selection Sort,Repetitivo,5000,12497500,4986,25014944,0,260026300,12
Selection Sort,Repetitivo,5000,12497500,4990,25014960,0,254829000,12
Selection Sort,Repetitivo,5000,12497500,4988,25014952,0,256906800,12
Selection Sort,Repetitivo,5000,12497500,4991,25014964,0,256742200,12
Selection Sort,Repetitivo,5000,12497500,4988,25014952,0,258636800,12
Selection Sort,Repetitivo,5000,12497500,4987,25014948,0,268130400,12
Selection Sort,Repetitivo,5000,12497500,4990,25014960,0,243912300,12
Selection Sort,Repetitivo,5000,12497500,4985,25014940,0,241711500,12
Selection Sort,Repetitivo,5000,12497500,4987,25014948,0,249670700,12
Selection Sort,Repetitivo,5000,12497500,4986,25014944,0,245765700,12
Selection Sort,Repetitivo,5000,12497500,4989,25014956,0,250598400,12
Selection Sort,Repetitivo,5000,12497500,4987,25014948,0,248892400,12
Selection Sort,Repetitivo,5000,12497500,4988,25014952,0,263005000,12
Selection Sort,Repetitivo,5000,12497500,4987,25014948,0,254852500,12
Selection Sort,Repetitivo,5000,12497500,4978,25014912,0,238935300,12
Selection Sort,Repetitivo,5000,12497500,4987,25014948,0,253891200,12
Selection Sort,Repetitivo,5000,12497500,4986,25014944,0,246243900,12
Merge Sort,Repetitivo,5000,55229,6579,185424,14,6913900,247232
Merge Sort,Repetitivo,5000,55224,6584,185424,14,12962400,247232
Merge Sort,Repetitivo,5000,55234,6574,185424,14,5577600,247232
Merge Sort,Repetitivo,5000,55234,6574,185424,14,5466900,247232
Merge Sort,Repetitivo,5000,55219,6589,185424,14,5655700,247232
Merge Sort,Repetitivo,5000,55224,6584,185424,14,8929300,247232
Merge Sort,Repetitivo,5000,55212,6596,185424,14,5422100,247232
Merge Sort,Repetitivo,5000,55237,6571,185424,14,8946400,247232
Merge Sort,Repetitivo,5000,55266,6542,185424,14,7520900,247232
Merge Sort,Repetitivo,5000,55194,6614,185424,14,7030700,247232
Merge Sort,Repetitivo,5000,55253,6555,185424,14,7266100,247232
Merge Sort,Repetitivo,5000,55223,6585,185424,14,5745300,247232
Merge Sort,Repetitivo,5000,55134,6674,185424,14,5724400,247232
Merge Sort,Repetitivo,5000,55191,6617,185424,14,10836100,247232
Merge Sort,Repetitivo,5000,55295,6513,185424,14,8725500,247232
Merge Sort,Repetitivo,5000,55227,6581,185424,14,5942900,247232
Merge Sort,Repetitivo,5000,55251,6557,185424,14,8979600,247232
Merge Sort,Repetitivo,5000,55173,6635,185424,14,7043600,247232
Merge Sort,Repetitivo,5000,55223,6585,185424,14,9089900,247232
Merge Sort,Repetitivo,5000,55196,6612,185424,14,6520300,247232
Merge Sort,Repetitivo,5000,55197,6611,185424,14,7010400,247232
Merge Sort,Repetitivo,5000,55206,6602,185424,14,5757600,247232
Merge Sort,Repetitivo,5000,55271,6537,185424,14,8881600,247232
Merge Sort,Repetitivo,5000,55254,6554,185424,14,5414000,247232
Merge Sort,Repetitivo,5000,55224,6584,185424,14,6921400,247232
Merge Sort,Repetitivo,5000,55156,6652,185424,14,9892400,247232
Merge Sort,Repetitivo,5000,55271,6537,185424,14,5929900,247232
Merge Sort,Repetitivo,5000,55213,6595,185424,14,7342700,247232
Merge Sort,Repetitivo,5000,55343,6465,185424,14,7442800,247232
Merge Sort,Repetitivo,5000,55179,6629,185424,14,5943700,247232
Heap Sort,Repetitivo,5000,107785,57130,444090,0,7499200,12
Heap Sort,Repetitivo,5000,107746,57112,443940,0,7085300,12
Heap Sort,Repetitivo,5000,107708,57100,443816,0,6834100,12
Heap Sort,Repetitivo,5000,107600,57059,443436,0,6593500,12
Heap Sort,Repetitivo,5000,107739,57175,444178,0,6893900,12
Heap Sort,Repetitivo,5000,107739,57116,443942,0,4815800,12
Heap Sort,Repetitivo,5000,107607,57020,443294,0,5911400,12
Heap Sort,Repetitivo,5000,107692,57107,443812,0,6790000,12
Heap Sort,Repetitivo,5000,107688,57120,443856,0,5385000,12
Heap Sort,Repetitivo,5000,107725,57148,444042,0,4799700,12
Heap Sort,Repetitivo,5000,107755,57153,444122,0,4876700,12
Heap Sort,Repetitivo,5000,107631,57014,443318,0,6089600,12
Heap Sort,Repetitivo,5000,107603,57076,443510,0,4792700,12
Heap Sort,Repetitivo,5000,107814,57190,444388,0,4947300,12
Heap Sort,Repetitivo,5000,107604,57015,443268,0,4614700,12
Heap Sort,Repetitivo,5000,107697,57065,443654,0,5037700,12
Heap Sort,Repetitivo,5000,107680,57039,443516,0,6073700,12
Heap Sort,Repetitivo,5000,107670,57079,443656,0,5954800,12
Heap Sort,Repetitivo,5000,107638,57013,443328,0,5951400,12
Heap Sort,Repetitivo,5000,107601,57011,443246,0,4577500,12
Heap Sort,Repetitivo,5000,107566,57024,443228,0,4626700,12
Heap Sort,Repetitivo,5000,107718,57051,443640,0,5934000,12
Heap Sort,Repetitivo,5000,107753,57104,443922,0,7061400,12
Heap Sort,Repetitivo,5000,107634,57024,443364,0,5245200,12
Heap Sort,Repetitivo,5000,107619,56986,443182,0,5095800,12
Heap Sort,Repetitivo,5000,107659,57106,443742,0,5120300,12
Heap Sort,Repetitivo,5000,107731,57091,443826,0,4853200,12
Heap Sort,Repetitivo,5000,107596,57025,443292,0,5629300,12
Heap Sort,Repetitivo,5000,107750,57078,443812,0,4865200,12
Heap Sort,Repetitivo,5000,107673,57060,443586,0,5949700,12
Shell Sort,Repetitivo,5000,97207,85374,393064,0,4054200,16
Shell Sort,Repetitivo,5000,95484,83691,386214,0,6299600,16
Shell Sort,Repetitivo,5000,96042,84595,388580,0,6456000,16
Shell Sort,Repetitivo,5000,100058,88542,404574,0,6261100,16
Shell Sort,Repetitivo,5000,98223,86435,397220,0,5251100,16
Shell Sort,Repetitivo,5000,91787,79967,371478,0,4986100,16
Shell Sort,Repetitivo,5000,97170,85670,392940,0,4013600,16
Shell Sort,Repetitivo,5000,95907,84033,387878,0,6606700,16
Shell Sort,Repetitivo,5000,90444,78268,366032,0,3754800,16
Shell Sort,Repetitivo,5000,93353,81583,377674,0,4937300,16
Shell Sort,Repetitivo,5000,94399,82959,382162,0,4918800,16
Shell Sort,Repetitivo,5000,92929,81297,376044,0,3966100,16
Shell Sort,Repetitivo,5000,94189,82409,381028,0,4160300,16
Shell Sort,Repetitivo,5000,99144,87503,400736,0,4019300,16
Shell Sort,Repetitivo,5000,92304,80555,373486,0,6996200,16
Shell Sort,Repetitivo,5000,97840,86153,395628,0,5915200,16
Shell Sort,Repetitivo,5000,96715,85132,391098,0,5126700,16
Shell Sort,Repetitivo,5000,98057,86385,396466,0,5891800,16
Shell Sort,Repetitivo,5000,96438,84658,390088,0,4043100,16
Shell Sort,Repetitivo,5000,91349,79206,369588,0,3866200,16
Shell Sort,Repetitivo,5000,94807,83134,383620,0,3921300,16
Shell Sort,Repetitivo,5000,89665,77724,362972,0,3859500,16
Shell Sort,Repetitivo,5000,95220,83474,385330,0,4057800,16
Shell Sort,Repetitivo,5000,98390,86521,397814,0,4923100,16
Shell Sort,Repetitivo,5000,96022,84153,388324,0,4461800,16
Shell Sort,Repetitivo,5000,92307,80545,373586,0,5824300,16
Shell Sort,Repetitivo,5000,91871,79891,371758,0,4941000,16
Shell Sort,Repetitivo,5000,91814,79997,371558,0,4830300,16
Shell Sort,Repetitivo,5000,96100,84298,388662,0,5841400,16
Shell Sort,Repetitivo,5000,93767,82013,379334,0,3926200,16
Quick Sort,Repetitivo,5000,73896,47632,342380,30,2885900,360
Quick Sort,Repetitivo,5000,74972,46103,338420,33,4278800,396
Quick Sort,Repetitivo,5000,71035,44962,325977,28,3954400,336
Quick Sort,Repetitivo,5000,70788,45976,329544,30,2733200,360
Quick Sort,Repetitivo,5000,77775,49232,356525,33,3000500,396
Quick Sort,Repetitivo,5000,74988,52120,362517,28,2913100,336
Quick Sort,Repetitivo,5000,71760,43325,320868,31,3541300,372
Quick Sort,Repetitivo,5000,73290,43750,325629,30,2802600,360
Quick Sort,Repetitivo,5000,71391,45572,329111,29,3857000,348
Quick Sort,Repetitivo,5000,72382,45074,329107,28,3420100,336
Quick Sort,Repetitivo,5000,73541,45041,331295,31,2768800,372
Quick Sort,Repetitivo,5000,71301,49722,345533,27,3741900,324
Quick Sort,Repetitivo,5000,73692,49443,349211,32,2991100,384
Quick Sort,Repetitivo,5000,72111,46728,335191,30,2985100,360
Quick Sort,Repetitivo,5000,77081,47830,349536,33,3010500,396
Quick Sort,Repetitivo,5000,70210,46908,332102,26,3500300,312
Quick Sort,Repetitivo,5000,71755,44121,324043,29,3417500,348
Quick Sort,Repetitivo,5000,74761,43227,326489,30,3557600,360
Quick Sort,Repetitivo,5000,73725,46961,339354,30,3673800,360
Quick Sort,Repetitivo,5000,77208,46382,344004,31,3470000,372
Quick Sort,Repetitivo,5000,70540,44629,323637,31,3589300,372
Quick Sort,Repetitivo,5000,69272,48224,335493,29,3536600,348
Quick Sort,Repetitivo,5000,73935,45889,335477,32,3662600,384
Quick Sort,Repetitivo,5000,71487,49511,345078,31,3614600,372
Quick Sort,Repetitivo,5000,72217,44796,327675,32,3457000,384
Quick Sort,Repetitivo,5000,71205,49651,345068,28,3765900,336
Quick Sort,Repetitivo,5000,80526,54274,382200,32,4670100,384
Quick Sort,Repetitivo,5000,70645,47596,335721,28,4052800,336
Quick Sort,Repetitivo,5000,74438,46684,339670,29,3317000,348
Quick Sort,Repetitivo,5000,74911,47055,342104,30,3597200,360
Quick Random,Repetitivo,5000,75363,52735,365731,35,4583300,420
Quick Random,Repetitivo,5000,73023,50977,353995,31,5583300,372
Quick Random,Repetitivo,5000,76569,48955,353007,34,4379500,408
Quick Random,Repetitivo,5000,70453,49178,341661,28,3957900,336
Quick Random,Repetitivo,5000,71384,49792,345997,28,3132400,336
Quick Random,Repetitivo,5000,71000,49294,343231,31,3816700,372
Quick Random,Repetitivo,5000,72285,51308,353857,27,3611200,324
Quick Random,Repetitivo,5000,73508,51456,356888,29,4083100,348
Quick Random,Repetitivo,5000,81481,56095,391396,35,5008400,420
Quick Random,Repetitivo,5000,73828,54071,367987,29,4579600,348
Quick Random,Repetitivo,5000,76303,54365,374123,30,3417500,360
Quick Random,Repetitivo,5000,76440,53452,370741,35,3150800,420
Quick Random,Repetitivo,5000,75959,53969,371857,31,4184800,372
Quick Random,Repetitivo,5000,74019,54814,371350,31,3321200,372
Quick Random,Repetitivo,5000,75282,49920,354307,30,4055800,360
Quick Random,Repetitivo,5000,69989,47490,333994,29,3071600,348
Quick Random,Repetitivo,5000,74663,54812,372634,31,4727100,372
Quick Random,Repetitivo,5000,82001,60302,409268,33,4053000,396
Quick Random,Repetitivo,5000,75738,50409,357154,33,3029000,396
Quick Random,Repetitivo,5000,70871,48963,341639,30,4324200,360
Quick Random,Repetitivo,5000,80054,49257,361187,31,3265100,372
Quick Random,Repetitivo,5000,73471,49827,350295,30,4405700,360
Quick Random,Repetitivo,5000,74479,48979,348927,32,3102700,384
Quick Random,Repetitivo,5000,71164,51707,353215,30,3467900,360
Quick Random,Repetitivo,5000,74788,51318,358908,30,4048500,360
Quick Random,Repetitivo,5000,80035,52032,372263,30,3104500,360
Quick Random,Repetitivo,5000,75227,50359,355938,37,4089900,444
Quick Random,Repetitivo,5000,72361,47093,337142,31,3865800,372
Quick Random,Repetitivo,5000,75067,47136,342731,30,3938600,360
Quick Random,Repetitivo,5000,74801,52769,364728,32,3251600,384
Bubble Sort,Gaussiano,5000,12496972,6305720,50216824,0,510798800,13
Bubble Sort,Gaussiano,5000,12492747,6099296,49382678,0,514841600,13
Bubble Sort,Gaussiano,5000,12492349,6200202,49785506,0,505159800,13
Bubble Sort,Gaussiano,5000,12497175,6354223,50411242,0,493324000,13
Bubble Sort,Gaussiano,5000,12467854,6225159,49836344,0,641731500,13
Bubble Sort,Gaussiano,5000,12496225,6188070,49744730,0,488304100,13
Bubble Sort,Gaussiano,5000,12496419,6188557,49747066,0,493183400,13
Bubble Sort,Gaussiano,5000,12494419,6240844,49952214,0,504930100,13
Bubble Sort,Gaussiano,5000,12492844,6177632,49696216,0,515374200,13
Bubble Sort,Gaussiano,5000,12496597,6222347,49882582,0,489484300,13
Bubble Sort,Gaussiano,5000,12488047,6214490,49834054,0,498876300,13
Bubble Sort,Gaussiano,5000,12493759,6215534,49849654,0,476133700,13
Bubble Sort,Gaussiano,5000,12494799,6382906,50521222,0,478627500,13
Bubble Sort,Gaussiano,5000,12492450,6255881,50008424,0,490259600,13
Bubble Sort,Gaussiano,5000,12494497,6302286,50198138,0,485763000,13
Bubble Sort,Gaussiano,5000,12496324,6205877,49816156,0,476445300,13
Bubble Sort,Gaussiano,5000,12494179,6204110,49804798,0,488636600,13
Bubble Sort,Gaussiano,5000,12486474,6167995,49644928,0,477311600,13
Bubble Sort,Gaussiano,5000,12490479,6238198,49933750,0,485161300,13
Bubble Sort,Gaussiano,5000,12488047,6321624,50262590,0,485181300,13
Bubble Sort,Gaussiano,5000,12496419,6221268,49877910,0,503077100,13
Bubble Sort,Gaussiano,5000,12497329,6302630,50205178,0,668459200,13
Bubble Sort,Gaussiano,5000,12496275,6205731,49815474,0,576573200,13
Bubble Sort,Gaussiano,5000,12484134,6193875,49743768,0,580928800,13
Bubble Sort,Gaussiano,5000,12487909,6235871,49919302,0,495449700,13
Bubble Sort,Gaussiano,5000,12489874,6310635,50222288,0,511325800,13
Bubble Sort,Gaussiano,5000,12494097,6219490,49866154,0,497629800,13
Bubble Sort,Gaussiano,5000,12489874,6279897,50099336,0,497524000,13
Bubble Sort,Gaussiano,5000,12495484,6327311,50300212,0,502846000,13
Bubble Sort,Gaussiano,5000,12489997,6217091,49848358,0,497167100,13
Insertion Sort,Gaussiano,5000,6305865,6305857,25223466,0,240969000,12
Insertion Sort,Gaussiano,5000,6297398,6297397,25189604,0,196394500,12
Insertion Sort,Gaussiano,5000,6244009,6244015,24976056,0,210035100,12
Insertion Sort,Gaussiano,5000,6242623,6242628,24970514,0,208567600,12
Insertion Sort,Gaussiano,5000,6266816,6266822,25067290,0,213128000,12
Insertion Sort,Gaussiano,5000,6287676,6287678,25150720,0,207021800,12
Insertion Sort,Gaussiano,5000,6370672,6370669,25482702,0,201178500,12
Insertion Sort,Gaussiano,5000,6262655,6262661,25050646,0,201412300,12
Insertion Sort,Gaussiano,5000,6181746,6181745,24726998,0,188628300,12
Insertion Sort,Gaussiano,5000,6257073,6257075,25028314,0,206831800,12
Insertion Sort,Gaussiano,5000,6359176,6359179,25436720,0,200138300,12
Insertion Sort,Gaussiano,5000,6208750,6208752,24835026,0,200469400,12
Insertion Sort,Gaussiano,5000,6219952,6219948,24879826,0,195943500,12
Insertion Sort,Gaussiano,5000,6340457,6340453,25361838,0,190484300,12
Insertion Sort,Gaussiano,5000,6164623,6164625,24658512,0,197114200,12
Insertion Sort,Gaussiano,5000,6247349,6247344,24989410,0,204129200,12
Insertion Sort,Gaussiano,5000,6229700,6229701,24918818,0,198379900,12
Insertion Sort,Gaussiano,5000,6216561,6216566,24866270,0,203958100,12
Insertion Sort,Gaussiano,5000,6289145,6289144,25156594,0,187354900,12
Insertion Sort,Gaussiano,5000,6217974,6217975,24871912,0,188188100,12
Insertion Sort,Gaussiano,5000,6276976,6276973,25107916,0,204724000,12
Insertion Sort,Gaussiano,5000,6188830,6188828,24755338,0,199851900,12
Insertion Sort,Gaussiano,5000,6257752,6257757,25031024,0,201095000,12
Insertion Sort,Gaussiano,5000,6261837,6261835,25047366,0,194274600,12
Insertion Sort,Gaussiano,5000,6171497,6171501,24686012,0,198070400,12
Insertion Sort,Gaussiano,5000,6194763,6194762,24779070,0,187502200,12
Insertion Sort,Gaussiano,5000,6279148,6279148,25116606,0,202498000,12
Insertion Sort,Gaussiano,5000,6184890,6184886,24739574,0,201155100,12
Insertion Sort,Gaussiano,5000,6337111,6337112,25348460,0,196272000,12
Insertion Sort,Gaussiano,5000,6349575,6349581,25398320,0,198850800,12
Selection Sort,Gaussiano,5000,12497500,4992,25014968,0,257194000,12
Selection Sort,Gaussiano,5000,12497500,4989,25014956,0,246173000,12
Selection Sort,Gaussiano,5000,12497500,4993,25014972,0,270983500,12
Selection Sort,Gaussiano,5000,12497500,4992,25014968,0,287177300,12
Selection Sort,Gaussiano,5000,12497500,4990,25014960,0,260471100,12
Selection Sort,Gaussiano,5000,12497500,4986,25014944,0,256656900,12
Selection Sort,Gaussiano,5000,12497500,4985,25014940,0,258364700,12
Selection Sort,Gaussiano,5000,12497500,4992,25014968,0,260726500,12
Selection Sort,Gaussiano,5000,12497500,4994,25014976,0,265475200,12
Selection Sort,Gaussiano,5000,12497500,4995,25014980,0,247347200,12
Selection Sort,Gaussiano,5000,12497500,4993,25014972,0,263270700,12
Selection Sort,Gaussiano,5000,12497500,4989,25014956,0,248969200,12
Selection Sort,Gaussiano,5000,12497500,4991,25014964,0,267850300,12
Selection Sort,Gaussiano,5000,12497500,4986,25014944,0,247770800,12
Selection Sort,Gaussiano,5000,12497500,4988,25014952,0,254352000,12
Selection Sort,Gaussiano,5000,12497500,4993,25014972,0,262764100,12
Selection Sort,Gaussiano,5000,12497500,4992,25014968,0,242285000,12
Selection Sort,Gaussiano,5000,12497500,4989,25014956,0,255902900,12
Selection Sort,Gaussiano,5000,12497500,4982,25014928,0,256600600,12
Selection Sort,Gaussiano,5000,12497500,4995,25014980,0,248707500,12
Selection Sort,Gaussiano,5000,12497500,4994,25014976,0,250844500,12
Selection Sort,Gaussiano,5000,12497500,4994,25014976,0,253601000,12
Selection Sort,Gaussiano,5000,12497500,4993,25014972,0,262424900,12
Selection Sort,Gaussiano,5000,12497500,4989,25014956,0,239694900,12
Selection Sort,Gaussiano,5000,12497500,4994,25014976,0,265487800,12
Selection Sort,Gaussiano,5000,12497500,4985,25014940,0,251945400,12
Selection Sort,Gaussiano,5000,12497500,4983,25014932,0,244063900,12
Selection Sort,Gaussiano,5000,12497500,4989,25014956,0,247842000,12
Selection Sort,Gaussiano,5000,12497500,4990,25014960,0,261191000,12
Selection Sort,Gaussiano,5000,12497500,4989,25014956,0,243936300,12
Merge Sort,Gaussiano,5000,55263,6545,185424,14,5694500,247232
Merge Sort,Gaussiano,5000,55230,6578,185424,14,9388100,247232
Merge Sort,Gaussiano,5000,55168,6640,185424,14,8954200,247232
Merge Sort,Gaussiano,5000,55258,6550,185424,14,9020600,247232
Merge Sort,Gaussiano,5000,55204,6604,185424,14,8896200,247232
Merge Sort,Gaussiano,5000,55219,6589,185424,14,9275200,247232
Merge Sort,Gaussiano,5000,55235,6573,185424,14,5380600,247232
Merge Sort,Gaussiano,5000,55244,6564,185424,14,5645600,247232
Merge Sort,Gaussiano,5000,55198,6610,185424,14,5656200,247232
Merge Sort,Gaussiano,5000,55256,6552,185424,14,5519100,247232
Merge Sort,Gaussiano,5000,55245,6563,185424,14,5657300,247232
Merge Sort,Gaussiano,5000,55236,6572,185424,14,5482100,247232
Merge Sort,Gaussiano,5000,55229,6579,185424,14,5639000,247232
Merge Sort,Gaussiano,5000,55142,6666,185424,14,7147300,247232
Merge Sort,Gaussiano,5000,55236,6572,185424,14,7139800,247232
Merge Sort,Gaussiano,5000,55209,6599,185424,14,7138600,247232
Merge Sort,Gaussiano,5000,55224,6584,185424,14,12046400,247232
Merge Sort,Gaussiano,5000,55225,6583,185424,14,7144400,247232
Merge Sort,Gaussiano,5000,55176,6632,185424,14,7147000,247232
Merge Sort,Gaussiano,5000,55310,6498,185424,14,7534700,247232
Merge Sort,Gaussiano,5000,55279,6529,185424,14,12042600,247232
Merge Sort,Gaussiano,5000,55187,6621,185424,14,11351300,247232
Merge Sort,Gaussiano,5000,55227,6581,185424,14,6804400,247232
Merge Sort,Gaussiano,5000,55236,6572,185424,14,5368900,247232
Merge Sort,Gaussiano,5000,55192,6616,185424,14,5365300,247232
Merge Sort,Gaussiano,5000,55179,6629,185424,14,5698200,247232
Merge Sort,Gaussiano,5000,55191,6617,185424,14,7533200,247232
Merge Sort,Gaussiano,5000,55168,6640,185424,14,7131900,247232
Merge Sort,Gaussiano,5000,55224,6584,185424,14,5837200,247232
Merge Sort,Gaussiano,5000,55273,6535,185424,14,5648000,247232
Heap Sort,Gaussiano,5000,107670,57133,443872,0,7560000,12
Heap Sort,Gaussiano,5000,107710,57143,443992,0,7753500,12
Heap Sort,Gaussiano,5000,107609,57032,443346,0,5746400,12
Heap Sort,Gaussiano,5000,107686,57111,443816,0,4908900,12
Heap Sort,Gaussiano,5000,107703,57135,443946,0,6602000,12
Heap Sort,Gaussiano,5000,107683,57114,443822,0,6956700,12
Heap Sort,Gaussiano,5000,107693,57081,443710,0,5810000,12
Heap Sort,Gaussiano,5000,107727,57150,444054,0,6048000,12
Heap Sort,Gaussiano,5000,107723,57112,443894,0,4636300,12
Heap Sort,Gaussiano,5000,107689,57100,443778,0,5350500,12
Heap Sort,Gaussiano,5000,107774,57109,443984,0,5968900,12
Heap Sort,Gaussiano,5000,107671,57105,443762,0,6029000,12
Heap Sort,Gaussiano,5000,107745,57132,444018,0,5967900,12
Heap Sort,Gaussiano,5000,107828,57199,444452,0,6067200,12
Heap Sort,Gaussiano,5000,107756,57091,443876,0,6046300,12
Heap Sort,Gaussiano,5000,107643,57052,443494,0,6034200,12
Heap Sort,Gaussiano,5000,107653,57029,443422,0,6044700,12
Heap Sort,Gaussiano,5000,107732,57123,443956,0,6044800,12
Heap Sort,Gaussiano,5000,107683,57076,443670,0,5968800,12
Heap Sort,Gaussiano,5000,107734,57096,443852,0,7472900,12
Heap Sort,Gaussiano,5000,107590,57014,443236,0,6038700,12
Heap Sort,Gaussiano,5000,107604,57071,443492,0,6036400,12
Heap Sort,Gaussiano,5000,107704,57095,443788,0,5955600,12
Heap Sort,Gaussiano,5000,107590,57078,443492,0,6053400,12
Heap Sort,Gaussiano,5000,107771,57141,444106,0,5968900,12
Heap Sort,Gaussiano,5000,107790,57203,444392,0,7052600,12
Heap Sort,Gaussiano,5000,107727,57082,443782,0,4719200,12
Heap Sort,Gaussiano,5000,107768,57181,444260,0,4541200,12
Heap Sort,Gaussiano,5000,107705,57173,444102,0,6042900,12
Heap Sort,Gaussiano,5000,107745,57149,444086,0,6047200,12
Shell Sort,Gaussiano,5000,97129,85801,392796,0,5822400,16
Shell Sort,Gaussiano,5000,105153,94058,424984,0,9618500,16
Shell Sort,Gaussiano,5000,102256,91151,413268,0,5781900,16
Shell Sort,Gaussiano,5000,91845,80539,371762,0,5497200,16
Shell Sort,Gaussiano,5000,94408,82977,381950,0,6858000,16
Shell Sort,Gaussiano,5000,101119,89888,408686,0,5390800,16
Shell Sort,Gaussiano,5000,96815,85450,391508,0,5219800,16
Shell Sort,Gaussiano,5000,96508,85236,390436,0,4709400,16
Shell Sort,Gaussiano,5000,100639,89334,406804,0,5503800,16
Shell Sort,Gaussiano,5000,108866,97952,439600,0,5891500,16
Shell Sort,Gaussiano,5000,93609,82234,378796,0,4998700,16
Shell Sort,Gaussiano,5000,98563,87544,398630,0,5223800,16
Shell Sort,Gaussiano,5000,96547,85554,390542,0,4032200,16
Shell Sort,Gaussiano,5000,102189,91233,413130,0,5340100,16
Shell Sort,Gaussiano,5000,93537,82090,378442,0,4988800,16
Shell Sort,Gaussiano,5000,103721,92876,419342,0,8233300,16
Shell Sort,Gaussiano,5000,97558,86291,394582,0,7912200,16
Shell Sort,Gaussiano,5000,97544,86177,394496,0,5142500,16
Shell Sort,Gaussiano,5000,98362,87158,397762,0,5182000,16
Shell Sort,Gaussiano,5000,97091,85619,392618,0,3835800,16
Shell Sort,Gaussiano,5000,92987,81484,376190,0,3717800,16
Shell Sort,Gaussiano,5000,101131,89920,408780,0,4182600,16
Shell Sort,Gaussiano,5000,96985,85695,392228,0,4058400,16
Shell Sort,Gaussiano,5000,97911,86741,395952,0,5175200,16
Shell Sort,Gaussiano,5000,99493,88477,402374,0,7696300,16
Shell Sort,Gaussiano,5000,103508,92484,418406,0,6359400,16
Shell Sort,Gaussiano,5000,98129,86954,396922,0,3934500,16
Shell Sort,Gaussiano,5000,100107,88872,404740,0,3992900,16
Shell Sort,Gaussiano,5000,96336,84908,389688,0,7591000,16
Shell Sort,Gaussiano,5000,99153,88020,400914,0,3942700,16
Quick Sort,Gaussiano,5000,66934,43209,310392,28,2709500,336
Quick Sort,Gaussiano,5000,75654,46121,339494,31,4004400,372
Quick Sort,Gaussiano,5000,74637,47635,343496,29,2763300,348
Quick Sort,Gaussiano,5000,76255,47223,345084,33,2777100,396
Quick Sort,Gaussiano,5000,76319,45863,339768,32,2887400,384
Quick Sort,Gaussiano,5000,74551,40005,312794,31,3417100,372
Quick Sort,Gaussiano,5000,77532,44322,336044,30,2712400,360
Quick Sort,Gaussiano,5000,71513,39976,306604,28,2658200,336
Quick Sort,Gaussiano,5000,68340,38996,296337,29,3414700,348
Quick Sort,Gaussiano,5000,69521,42682,313477,31,2733900,372
Quick Sort,Gaussiano,5000,77277,47931,349960,28,3932300,336
Quick Sort,Gaussiano,5000,71101,43785,321011,29,2778700,348
Quick Sort,Gaussiano,5000,66674,42289,306188,29,4989300,348
Quick Sort,Gaussiano,5000,75473,45027,334765,30,3613300,360
Quick Sort,Gaussiano,5000,74910,43000,325516,31,2785600,372
Quick Sort,Gaussiano,5000,79853,44386,340929,32,3634100,384
Quick Sort,Gaussiano,5000,70716,40586,307476,28,4994900,336
Quick Sort,Gaussiano,5000,68329,44456,318180,31,2633100,372
Quick Sort,Gaussiano,5000,68892,44643,320040,30,3533900,360
Quick Sort,Gaussiano,5000,75577,45141,335426,28,4224900,336
Quick Sort,Gaussiano,5000,73467,41576,316904,31,2705200,372
Quick Sort,Gaussiano,5000,69153,43307,315240,27,3550400,324
Quick Sort,Gaussiano,5000,78251,50851,363592,32,3845900,384
Quick Sort,Gaussiano,5000,75774,42915,326888,30,3479700,360
Quick Sort,Gaussiano,5000,70650,46281,330094,30,5310800,360
Quick Sort,Gaussiano,5000,70864,46919,333071,29,4129000,348
Quick Sort,Gaussiano,5000,69338,41235,307293,29,2599400,348
Quick Sort,Gaussiano,5000,70628,37981,296838,31,2800600,372
Quick Sort,Gaussiano,5000,70005,41749,310711,31,5060100,372
Quick Sort,Gaussiano,5000,70742,42965,317013,28,3809500,336
Quick Random,Gaussiano,5000,69983,46086,327973,26,9722600,312
Quick Random,Gaussiano,5000,69445,49661,341210,30,3036200,360
Quick Random,Gaussiano,5000,69528,44048,318930,31,4037500,372
Quick Random,Gaussiano,5000,82074,49162,364497,34,3166900,408
Quick Random,Gaussiano,5000,69455,43192,315361,28,2760300,336
Quick Random,Gaussiano,5000,71225,46935,333884,27,2849400,324
Quick Random,Gaussiano,5000,70946,42898,317184,28,5422700,336
Quick Random,Gaussiano,5000,79871,57231,392369,32,3204800,384
Quick Random,Gaussiano,5000,78061,50919,363482,34,3195600,408
Quick Random,Gaussiano,5000,70857,47489,335333,33,2898400,396
Quick Random,Gaussiano,5000,70849,45999,329401,30,3162800,360
Quick Random,Gaussiano,5000,75204,52306,363324,34,3494600,408
Quick Random,Gaussiano,5000,70321,45477,326233,31,2826400,372
Quick Random,Gaussiano,5000,71665,47050,335196,30,2911100,360
Quick Random,Gaussiano,5000,71525,44818,326001,27,2887500,324
Quick Random,Gaussiano,5000,70663,45242,325985,27,4243800,324
Quick Random,Gaussiano,5000,66487,44865,316120,27,2763700,324
Quick Random,Gaussiano,5000,70016,45156,324363,29,5497200,348
Quick Random,Gaussiano,5000,72483,39763,307697,29,4126700,348
Quick Random,Gaussiano,5000,74969,53035,365757,31,4067300,372
Quick Random,Gaussiano,5000,67860,40250,300408,26,3507300,312
Quick Random,Gaussiano,5000,78740,52651,371734,33,4087000,396
Quick Random,Gaussiano,5000,72315,43795,323516,30,2844100,360
Quick Random,Gaussiano,5000,71572,47386,336396,32,2990600,384
Quick Random,Gaussiano,5000,69139,47387,331507,30,3046900,360
Quick Random,Gaussiano,5000,72042,47660,338422,30,4486000,360
Quick Random,Gaussiano,5000,67254,45923,321889,28,3718600,336
Quick Random,Gaussiano,5000,72993,48098,342090,32,4384800,384
Quick Random,Gaussiano,5000,70386,47549,334649,29,4242900,348
Quick Random,Gaussiano,5000,69548,42827,314067,27,2733300,324
Bubble Sort,Aleatorio,10000,49987374,25279188,201091500,0,2435507000,13
Bubble Sort,Aleatorio,10000,49989849,24955107,199800126,0,1944234200,13
Bubble Sort,Aleatorio,10000,49993824,24932263,199716700,0,1938771400,13
Bubble Sort,Aleatorio,10000,49993289,25034932,200126306,0,2274759800,13
Bubble Sort,Aleatorio,10000,49994535,24596569,198375346,0,1933193700,13
Bubble Sort,Aleatorio,10000,49970024,24977808,199851280,0,2092967200,13
Bubble Sort,Aleatorio,10000,49989747,24842334,199348830,0,2080229900,13
Bubble Sort,Aleatorio,10000,49993047,25279802,201105302,0,1930283000,13
Bubble Sort,Aleatorio,10000,49993109,24920889,199669774,0,2247161300,13
Bubble Sort,Aleatorio,10000,49988672,25295551,201159548,0,2049945300,13
Bubble Sort,Aleatorio,10000,49994847,24667626,198660198,0,2129506600,13
Bubble Sort,Aleatorio,10000,49990905,24869354,199459226,0,2403751900,13
Bubble Sort,Aleatorio,10000,49989329,25348072,201370946,0,2004394600,13
Bubble Sort,Aleatorio,10000,49991430,24690058,198743092,0,2243858200,13
Bubble Sort,Aleatorio,10000,49994594,24821902,199276796,0,2110028300,13
Bubble Sort,Aleatorio,10000,49975890,24914515,199609840,0,2050364500,13
Bubble Sort,Aleatorio,10000,49975100,24984402,199887808,0,2507867400,13
Bubble Sort,Aleatorio,10000,49984415,24950150,199769430,0,2586108300,13
Bubble Sort,Aleatorio,10000,49989114,24766051,199042432,0,2260096500,13
Bubble Sort,Aleatorio,10000,49989329,24946508,199764690,0,1964149700,13
Bubble Sort,Aleatorio,10000,49993622,25287960,201139084,0,1976702500,13
Bubble Sort,Aleatorio,10000,49986354,25130444,200494484,0,2280762400,13
Bubble Sort,Aleatorio,10000,49974497,25254129,200965510,0,1975052800,13
Bubble Sort,Aleatorio,10000,49986485,24981319,199898246,0,2114633100,13
Bubble Sort,Aleatorio,10000,49959755,24853103,199331922,0,2147439200,13
Bubble Sort,Aleatorio,10000,49986089,25221701,200858982,0,1968143300,13
Bubble Sort,Aleatorio,10000,49990629,25091359,200346694,0,2725265900,13
Bubble Sort,Aleatorio,10000,49994010,25072063,200276272,0,2729344500,13
Bubble Sort,Aleatorio,10000,49988330,25255507,200998688,0,3490880100,13
Bubble Sort,Aleatorio,10000,49991597,25025743,200086166,0,3046323800,13
Insertion Sort,Aleatorio,10000,25137786,25137788,100551166,0,1104641300,12
Insertion Sort,Aleatorio,10000,24920343,24920344,99681392,0,1088746500,12
Insertion Sort,Aleatorio,10000,24864661,24864656,99458658,0,999891400,12
Insertion Sort,Aleatorio,10000,24879923,24879925,99519710,0,1027980500,12
Insertion Sort,Aleatorio,10000,25197411,25197414,100789660,0,1070510000,12
Insertion Sort,Aleatorio,10000,24860702,24860699,99442828,0,1025306600,12
Insertion Sort,Aleatorio,10000,25022356,25022354,100089440,0,1201886700,12
Insertion Sort,Aleatorio,10000,25227282,25227285,100909146,0,1025379300,12
Insertion Sort,Aleatorio,10000,24935833,24935834,99743350,0,1025430100,12
Insertion Sort,Aleatorio,10000,24961051,24961051,99844226,0,1045723800,12
Insertion Sort,Aleatorio,10000,24961478,24961476,99845924,0,1000019000,12
Insertion Sort,Aleatorio,10000,25258240,25258236,101032968,0,1006879600,12
Insertion Sort,Aleatorio,10000,24875340,24875342,99501374,0,995600200,12
Insertion Sort,Aleatorio,10000,25000475,25000471,100001916,0,999523000,12
Insertion Sort,Aleatorio,10000,24972922,24972926,99891712,0,1009343600,12
Insertion Sort,Aleatorio,10000,24789321,24789319,99157296,0,1024415900,12
Insertion Sort,Aleatorio,10000,25197687,25197681,100790760,0,1015573600,12
Insertion Sort,Aleatorio,10000,25099041,25099039,100396180,0,1013665900,12
Insertion Sort,Aleatorio,10000,25220172,25220175,100880712,0,1033574700,12
Insertion Sort,Aleatorio,10000,25264580,25264570,101058328,0,1090825700,12
Insertion Sort,Aleatorio,10000,25017630,25017629,100070540,0,1005089900,12
Insertion Sort,Aleatorio,10000,24993812,24993813,99975264,0,1005834200,12
Insertion Sort,Aleatorio,10000,25267349,25267348,101069408,0,1020352400,12
Insertion Sort,Aleatorio,10000,25047007,25047008,100188040,0,1022822600,12
Insertion Sort,Aleatorio,10000,25198267,25198263,100793078,0,1040151200,12
Insertion Sort,Aleatorio,10000,25166876,25166869,100667520,0,1021637900,12
Insertion Sort,Aleatorio,10000,24963223,24963226,99852910,0,996040200,12
Insertion Sort,Aleatorio,10000,24923235,24923232,99692966,0,1006787300,12
Insertion Sort,Aleatorio,10000,24661912,24661911,98647668,0,991085300,12
Insertion Sort,Aleatorio,10000,24749524,24749522,98998120,0,986965600,12
Selection Sort,Aleatorio,10000,49995000,9989,100029956,0,1367331700,12
Selection Sort,Aleatorio,10000,49995000,9994,100029976,0,1283624400,12
Selection Sort,Aleatorio,10000,49995000,9993,100029972,0,1289488200,12
Selection Sort,Aleatorio,10000,49995000,9987,100029948,0,1375736500,12
Selection Sort,Aleatorio,10000,49995000,9995,100029980,0,1290532300,12
Selection Sort,Aleatorio,10000,49995000,9993,100029972,0,1285862800,12
Selection Sort,Aleatorio,10000,49995000,9989,100029956,0,1300385500,12
Selection Sort,Aleatorio,10000,49995000,9991,100029964,0,1282437800,12
Selection Sort,Aleatorio,10000,49995000,9988,100029952,0,1274433900,12
Selection Sort,Aleatorio,10000,49995000,9989,100029956,0,1278277100,12
Selection Sort,Aleatorio,10000,49995000,9990,100029960,0,1282328900,12
Selection Sort,Aleatorio,10000,49995000,9986,100029944,0,1285446100,12
Selection Sort,Aleatorio,10000,49995000,9991,100029964,0,1285066700,12
Selection Sort,Aleatorio,10000,49995000,9993,100029972,0,1284169400,12
Selection Sort,Aleatorio,10000,49995000,9986,100029944,0,1291786300,12
Selection Sort,Aleatorio,10000,49995000,9996,100029984,0,1474639800,12
Selection Sort,Aleatorio,10000,49995000,9989,100029956,0,1416746700,12
Selection Sort,Aleatorio,10000,49995000,9990,100029960,0,1759508000,12
Selection Sort,Aleatorio,10000,49995000,9991,100029964,0,1340344400,12
Selection Sort,Aleatorio,10000,49995000,9993,100029972,0,1338953000,12
Selection Sort,Aleatorio,10000,49995000,9986,100029944,0,1551161800,12
Selection Sort,Aleatorio,10000,49995000,9987,100029948,0,1370578200,12
Selection Sort,Aleatorio,10000,49995000,9989,100029956,0,1327707300,12
Selection Sort,Aleatorio,10000,49995000,9987,100029948,0,1719797400,12
Selection Sort,Aleatorio,10000,49995000,9989,100029956,0,1574169000,12
Selection Sort,Aleatorio,10000,49995000,9994,100029976,0,1533908900,12
Selection Sort,Aleatorio,10000,49995000,9993,100029972,0,1330109000,12
Selection Sort,Aleatorio,10000,49995000,9993,100029972,0,1287925200,12
Selection Sort,Aleatorio,10000,49995000,9994,100029976,0,1322093200,12
Selection Sort,Aleatorio,10000,49995000,9989,100029956,0,1335284400,12
Merge Sort,Aleatorio,10000,120394,13222,400848,15,33604400,534464
Merge Sort,Aleatorio,10000,120549,13067,400848,15,18045600,534464
Merge Sort,Aleatorio,10000,120386,13230,400848,15,24112700,534464
Merge Sort,Aleatorio,10000,120420,13196,400848,15,19833500,534464
Merge Sort,Aleatorio,10000,120493,13123,400848,15,25003700,534464
Merge Sort,Aleatorio,10000,120503,13113,400848,15,22030500,534464
Merge Sort,Aleatorio,10000,120513,13103,400848,15,21749100,534464
Merge Sort,Aleatorio,10000,120407,13209,400848,15,23165000,534464
Merge Sort,Aleatorio,10000,120456,13160,400848,15,22749300,534464
Merge Sort,Aleatorio,10000,120390,13226,400848,15,23847500,534464
Merge Sort,Aleatorio,10000,120482,13134,400848,15,24391600,534464
Merge Sort,Aleatorio,10000,120491,13125,400848,15,22238500,534464
Merge Sort,Aleatorio,10000,120395,13221,400848,15,21412500,534464
Merge Sort,Aleatorio,10000,120481,13135,400848,15,19859000,534464
Merge Sort,Aleatorio,10000,120446,13170,400848,15,19037900,534464
Merge Sort,Aleatorio,10000,120537,13079,400848,15,23777900,534464
Merge Sort,Aleatorio,10000,120410,13206,400848,15,17413000,534464
Merge Sort,Aleatorio,10000,120421,13195,400848,15,23593900,534464
Merge Sort,Aleatorio,10000,120354,13262,400848,15,23835800,534464
Merge Sort,Aleatorio,10000,120364,13252,400848,15,21708400,534464
Merge Sort,Aleatorio,10000,120392,13224,400848,15,23536600,534464
Merge Sort,Aleatorio,10000,120404,13212,400848,15,20190300,534464
Merge Sort,Aleatorio,10000,120452,13164,400848,15,31389200,534464
Merge Sort,Aleatorio,10000,120402,13214,400848,15,25177900,534464
Merge Sort,Aleatorio,10000,120494,13122,400848,15,23063000,534464
Merge Sort,Aleatorio,10000,120433,13183,400848,15,20415600,534464
Merge Sort,Aleatorio,10000,120410,13206,400848,15,20656400,534464
Merge Sort,Aleatorio,10000,120540,13076,400848,15,23571300,534464
Merge Sort,Aleatorio,10000,120534,13082,400848,15,23720800,534464
Merge Sort,Aleatorio,10000,120465,13151,400848,15,26569000,534464
Heap Sort,Aleatorio,10000,235456,124241,967876,0,22366500,12
Heap Sort,Aleatorio,10000,235304,124152,967216,0,19066500,12
Heap Sort,Aleatorio,10000,235384,124161,967412,0,20261300,12
Heap Sort,Aleatorio,10000,235502,124270,968084,0,19717500,12
Heap Sort,Aleatorio,10000,235244,124117,966956,0,14994500,12
Heap Sort,Aleatorio,10000,235488,124282,968104,0,19689100,12
Heap Sort,Aleatorio,10000,235409,124191,967582,0,14779700,12
Heap Sort,Aleatorio,10000,235398,124257,967824,0,19690500,12
Heap Sort,Aleatorio,10000,235413,124231,967750,0,22289300,12
Heap Sort,Aleatorio,10000,235357,124179,967430,0,18785800,12
Heap Sort,Aleatorio,10000,235365,124222,967618,0,22707000,12
Heap Sort,Aleatorio,10000,235296,124154,967208,0,35846200,12
Heap Sort,Aleatorio,10000,235277,124082,966882,0,14720400,12
Heap Sort,Aleatorio,10000,235343,124176,967390,0,13084800,12
Heap Sort,Aleatorio,10000,235454,124273,968000,0,18566600,12
Heap Sort,Aleatorio,10000,235390,124155,967400,0,20138500,12
Heap Sort,Aleatorio,10000,235313,124160,967266,0,16263000,12
Heap Sort,Aleatorio,10000,235288,124176,967280,0,17521700,12
Heap Sort,Aleatorio,10000,235447,124240,967854,0,14086100,12
Heap Sort,Aleatorio,10000,235273,124156,967170,0,17574500,12
Heap Sort,Aleatorio,10000,235323,124173,967338,0,22649600,12
Heap Sort,Aleatorio,10000,235318,124166,967300,0,28403200,12
Heap Sort,Aleatorio,10000,235262,124043,966696,0,24282000,12
Heap Sort,Aleatorio,10000,235515,124346,968414,0,22083600,12
Heap Sort,Aleatorio,10000,235326,124116,967116,0,22476600,12
Heap Sort,Aleatorio,10000,235340,124302,967888,0,23538900,12
Heap Sort,Aleatorio,10000,235295,124172,967278,0,21476800,12
Heap Sort,Aleatorio,10000,235220,124085,966780,0,22126100,12
Heap Sort,Aleatorio,10000,235506,124277,968120,0,18243600,12
Heap Sort,Aleatorio,10000,235335,124196,967454,0,25955800,12
Shell Sort,Aleatorio,10000,234423,213204,946330,0,20377100,16
Shell Sort,Aleatorio,10000,234407,213372,946362,0,22699400,16
Shell Sort,Aleatorio,10000,237449,216384,958598,0,65264200,16
Shell Sort,Aleatorio,10000,237548,216512,958852,0,21222400,16
Shell Sort,Aleatorio,10000,242388,221432,978252,0,16234100,16
Shell Sort,Aleatorio,10000,231965,210798,936412,0,15516700,16
Shell Sort,Aleatorio,10000,235891,214504,952024,0,15831900,16
Shell Sort,Aleatorio,10000,231504,209999,934550,0,15604300,16
Shell Sort,Aleatorio,10000,229678,208307,927524,0,14331500,16
Shell Sort,Aleatorio,10000,238362,217762,962416,0,30933400,16
Shell Sort,Aleatorio,10000,229512,208312,926634,0,15887600,16
Shell Sort,Aleatorio,10000,224900,203216,908418,0,20877700,16
Shell Sort,Aleatorio,10000,231157,209982,933306,0,28098200,16
Shell Sort,Aleatorio,10000,233449,212623,942556,0,17049600,16
Shell Sort,Aleatorio,10000,235846,214701,952126,0,23833200,16
Shell Sort,Aleatorio,10000,221462,200009,894652,0,18767500,16
Shell Sort,Aleatorio,10000,232005,210777,936808,0,18369000,16
Shell Sort,Aleatorio,10000,245714,224816,991394,0,13244900,16
Shell Sort,Aleatorio,10000,241672,220945,975522,0,20134300,16
Shell Sort,Aleatorio,10000,235228,214288,949594,0,20065200,16
Shell Sort,Aleatorio,10000,240691,219861,971322,0,68198600,16
Shell Sort,Aleatorio,10000,230439,209065,930252,0,18249000,16
Shell Sort,Aleatorio,10000,237435,216530,958594,0,33883000,16
Shell Sort,Aleatorio,10000,245396,224279,990148,0,26790500,16
Shell Sort,Aleatorio,10000,240062,219003,968934,0,25827800,16
Shell Sort,Aleatorio,10000,233935,212580,944440,0,18591800,16
Shell Sort,Aleatorio,10000,239499,218968,966838,0,17543600,16
Shell Sort,Aleatorio,10000,240198,218872,969512,0,15761600,16
Shell Sort,Aleatorio,10000,236946,216053,956458,0,15071400,16
Shell Sort,Aleatorio,10000,235589,214737,951214,0,21651600,16
Quick Sort,Aleatorio,10000,156729,90913,683772,32,13432900,384
Quick Sort,Aleatorio,10000,154793,81369,641729,30,6927600,360
Quick Sort,Aleatorio,10000,154412,86702,662309,32,11005000,384
Quick Sort,Aleatorio,10000,155539,93915,693405,34,11155400,408
Quick Sort,Aleatorio,10000,157560,85475,663673,35,7768900,420
Quick Sort,Aleatorio,10000,151551,81376,635301,32,7499000,384
Quick Sort,Aleatorio,10000,172923,90811,715755,32,11620900,384
Quick Sort,Aleatorio,10000,167773,95027,722335,34,11639200,408
Quick Sort,Aleatorio,10000,154230,88561,669372,30,10037000,360
Quick Sort,Aleatorio,10000,167457,92173,710277,35,10177100,420
Quick Sort,Aleatorio,10000,164334,94367,712830,33,13085100,396
Quick Sort,Aleatorio,10000,164788,92515,706303,37,11356900,444
Quick Sort,Aleatorio,10000,146006,81814,625945,29,10385000,348
Quick Sort,Aleatorio,10000,154244,82935,646901,30,7486000,360
Quick Sort,Aleatorio,10000,149092,86417,650517,30,10271900,360
Quick Sort,Aleatorio,10000,153417,91338,678839,32,10064600,384
Quick Sort,Aleatorio,10000,152428,73872,607088,33,9975100,396
Quick Sort,Aleatorio,10000,163558,87959,685626,35,7516300,420
Quick Sort,Aleatorio,10000,171156,83576,683282,37,7330500,444
Quick Sort,Aleatorio,10000,152321,81320,636600,31,9388400,372
Quick Sort,Aleatorio,10000,153272,82244,642194,31,10583700,372
Quick Sort,Aleatorio,10000,155391,83963,653324,34,10698900,408
Quick Sort,Aleatorio,10000,153945,84863,653988,30,10715700,360
Quick Sort,Aleatorio,10000,156358,85000,659356,34,10607400,408
Quick Sort,Aleatorio,10000,163326,91644,699851,34,11561200,408
Quick Sort,Aleatorio,10000,149431,82823,636824,29,10539000,348
Quick Sort,Aleatorio,10000,148254,80864,626630,29,10049100,348
Quick Sort,Aleatorio,10000,147211,76231,605993,27,10545000,324
Quick Sort,Aleatorio,10000,147376,82270,630502,28,8326100,336
Quick Sort,Aleatorio,10000,152005,89186,667437,28,7962300,336
Quick Random,Aleatorio,10000,181557,116336,835119,34,14696800,408
Quick Random,Aleatorio,10000,165114,93288,710012,32,16696700,384
Quick Random,Aleatorio,10000,158541,98295,716952,33,10699500,396
Quick Random,Aleatorio,10000,162266,84061,667439,37,10758400,444
Quick Random,Aleatorio,10000,151186,85728,651966,32,11081800,384
Quick Random,Aleatorio,10000,164078,79861,654264,30,11125500,360
Quick Random,Aleatorio,10000,154902,91784,683609,30,11551800,360
Quick Random,Aleatorio,10000,151425,91681,676258,29,10778700,348
Quick Random,Aleatorio,10000,154852,87258,665415,31,9447400,372
Quick Random,Aleatorio,10000,147234,83578,635426,30,11264100,360
Quick Random,Aleatorio,10000,157163,88187,673751,29,15043600,348
Quick Random,Aleatorio,10000,151704,82303,639334,30,11353700,360
Quick Random,Aleatorio,10000,152488,98958,707464,32,13209100,384
Quick Random,Aleatorio,10000,155520,90180,678442,32,8433700,384
Quick Random,Aleatorio,10000,157037,86773,667831,30,14437100,360
Quick Random,Aleatorio,10000,157495,98785,716784,30,16050500,360
Quick Random,Aleatorio,10000,149841,85665,648997,30,11976700,360
Quick Random,Aleatorio,10000,163376,104710,752258,31,13289300,372
Quick Random,Aleatorio,10000,148047,87339,652094,30,11846200,360
Quick Random,Aleatorio,10000,148774,84806,643454,30,15059600,360
Quick Random,Aleatorio,10000,146380,86704,646225,30,11831400,360
Quick Random,Aleatorio,10000,147770,88132,654723,27,13666200,324
Quick Random,Aleatorio,10000,154759,91522,682280,30,13591600,360
Quick Random,Aleatorio,10000,151326,82618,639798,28,12593500,336
Quick Random,Aleatorio,10000,154332,96553,701511,31,16490900,372
Quick Random,Aleatorio,10000,165552,89622,696248,33,12331000,396
Quick Random,Aleatorio,10000,153486,88587,667972,34,12188500,408
Quick Random,Aleatorio,10000,150985,91364,674120,31,11600700,372
Quick Random,Aleatorio,10000,160337,84110,663750,32,12053200,384
Quick Random,Aleatorio,10000,157375,88428,675117,30,12125500,360
Bubble Sort,Ordenado,10000,9999,0,19998,0,444800,13
Bubble Sort,Ordenado,10000,9999,0,19998,0,433700,13
Bubble Sort,Ordenado,10000,9999,0,19998,0,355200,13
Bubble Sort,Ordenado,10000,9999,0,19998,0,333900,13
Bubble Sort,Ordenado,10000,9999,0,19998,0,253100,13
Bubble Sort,Ordenado,10000,9999,0,19998,0,266800,13
Bubble Sort,Ordenado,10000,9999,0,19998,0,490600,13
Bubble Sort,Ordenado,10000,9999,0,19998,0,338800,13
Bubble Sort,Ordenado,10000,9999,0,19998,0,442300,13
Bubble Sort,Ordenado,10000,9999,0,19998,0,446800,13
Bubble Sort,Ordenado,10000,9999,0,19998,0,345800,13
Bubble Sort,Ordenado,10000,9999,0,19998,0,270500,13
Bubble Sort,Ordenado,10000,9999,0,19998,0,224400,13
Bubble Sort,Ordenado,10000,9999,0,19998,0,330000,13
Bubble Sort,Ordenado,10000,9999,0,19998,0,357700,13
Bubble Sort,Ordenado,10000,9999,0,19998,0,348400,13
Bubble Sort,Ordenado,10000,9999,0,19998,0,438300,13
Bubble Sort,Ordenado,10000,9999,0,19998,0,197900,13
Bubble Sort,Ordenado,10000,9999,0,19998,0,215400,13
Bubble Sort,Ordenado,10000,9999,0,19998,0,272700,13
Bubble Sort,Ordenado,10000,9999,0,19998,0,237000,13
Bubble Sort,Ordenado,10000,9999,0,19998,0,250600,13
Bubble Sort,Ordenado,10000,9999,0,19998,0,382900,13
Bubble Sort,Ordenado,10000,9999,0,19998,0,675000,13
Bubble Sort,Ordenado,10000,9999,0,19998,0,472300,13
Bubble Sort,Ordenado,10000,9999,0,19998,0,347700,13
Bubble Sort,Ordenado,10000,9999,0,19998,0,304800,13
Bubble Sort,Ordenado,10000,9999,0,19998,0,197700,13
Bubble Sort,Ordenado,10000,9999,0,19998,0,202600,13
Bubble Sort,Ordenado,10000,9999,0,19998,0,1052100,13
Insertion Sort,Ordenado,10000,9999,0,39996,0,407900,12
Insertion Sort,Ordenado,10000,9999,0,39996,0,806500,12
Insertion Sort,Ordenado,10000,9999,0,39996,0,305100,12
Insertion Sort,Ordenado,10000,9999,0,39996,0,476600,12
Insertion Sort,Ordenado,10000,9999,0,39996,0,477700,12
Insertion Sort,Ordenado,10000,9999,0,39996,0,1045700,12
Insertion Sort,Ordenado,10000,9999,0,39996,0,700700,12
Insertion Sort,Ordenado,10000,9999,0,39996,0,597900,12
Insertion Sort,Ordenado,10000,9999,0,39996,0,3320000,12
Insertion Sort,Ordenado,10000,9999,0,39996,0,696000,12
Insertion Sort,Ordenado,10000,9999,0,39996,0,328700,12
Insertion Sort,Ordenado,10000,9999,0,39996,0,421000,12
Insertion Sort,Ordenado,10000,9999,0,39996,0,757000,12
Insertion Sort,Ordenado,10000,9999,0,39996,0,305700,12
Insertion Sort,Ordenado,10000,9999,0,39996,0,901200,12
Insertion Sort,Ordenado,10000,9999,0,39996,0,752600,12
Insertion Sort,Ordenado,10000,9999,0,39996,0,700000,12
Insertion Sort,Ordenado,10000,9999,0,39996,0,433800,12
Insertion Sort,Ordenado,10000,9999,0,39996,0,858400,12
Insertion Sort,Ordenado,10000,9999,0,39996,0,542200,12
Insertion Sort,Ordenado,10000,9999,0,39996,0,830000,12
Insertion Sort,Ordenado,10000,9999,0,39996,0,617300,12
Insertion Sort,Ordenado,10000,9999,0,39996,0,685300,12
Insertion Sort,Ordenado,10000,9999,0,39996,0,726100,12
Insertion Sort,Ordenado,10000,9999,0,39996,0,443800,12
Insertion Sort,Ordenado,10000,9999,0,39996,0,540000,12
Insertion Sort,Ordenado,10000,9999,0,39996,0,465300,12
Insertion Sort,Ordenado,10000,9999,0,39996,0,328400,12
Insertion Sort,Ordenado,10000,9999,0,39996,0,728700,12
Insertion Sort,Ordenado,10000,9999,0,39996,0,790300,12
Selection Sort,Ordenado,10000,49995000,0,99990000,0,1382809500,12
Selection Sort,Ordenado,10000,49995000,0,99990000,0,1295741300,12
Selection Sort,Ordenado,10000,49995000,0,99990000,0,1287919000,12
Selection Sort,Ordenado,10000,49995000,0,99990000,0,1362802600,12
Selection Sort,Ordenado,10000,49995000,0,99990000,0,1390443100,12
Selection Sort,Ordenado,10000,49995000,0,99990000,0,1335725700,12
Selection Sort,Ordenado,10000,49995000,0,99990000,0,1356447600,12
Selection Sort,Ordenado,10000,49995000,0,99990000,0,1311844300,12
Selection Sort,Ordenado,10000,49995000,0,99990000,0,1326959500,12
Selection Sort,Ordenado,10000,49995000,0,99990000,0,1299907800,12
Selection Sort,Ordenado,10000,49995000,0,99990000,0,1284389700,12
Selection Sort,Ordenado,10000,49995000,0,99990000,0,1515929700,12
Selection Sort,Ordenado,10000,49995000,0,99990000,0,1329935000,12
Selection Sort,Ordenado,10000,49995000,0,99990000,0,1559609500,12
Selection Sort,Ordenado,10000,49995000,0,99990000,0,1349054700,12
Selection Sort,Ordenado,10000,49995000,0,99990000,0,1674773700,12
Selection Sort,Ordenado,10000,49995000,0,99990000,0,1405856000,12
Selection Sort,Ordenado,10000,49995000,0,99990000,0,1549939200,12
Selection Sort,Ordenado,10000,49995000,0,99990000,0,1341788000,12
Selection Sort,Ordenado,10000,49995000,0,99990000,0,1536493200,12
Selection Sort,Ordenado,10000,49995000,0,99990000,0,1337061100,12
Selection Sort,Ordenado,10000,49995000,0,99990000,0,1477695100,12
Selection Sort,Ordenado,10000,49995000,0,99990000,0,1313670100,12
Selection Sort,Ordenado,10000,49995000,0,99990000,0,1300677800,12
Selection Sort,Ordenado,10000,49995000,0,99990000,0,1418845500,12
Selection Sort,Ordenado,10000,49995000,0,99990000,0,1295918300,12
Selection Sort,Ordenado,10000,49995000,0,99990000,0,1278615300,12
Selection Sort,Ordenado,10000,49995000,0,99990000,0,1286992200,12
Selection Sort,Ordenado,10000,49995000,0,99990000,0,1281390600,12
Selection Sort,Ordenado,10000,49995000,0,99990000,0,1277350000,12
Merge Sort,Ordenado,10000,69008,64608,400848,15,12906600,534464
Merge Sort,Ordenado,10000,69008,64608,400848,15,19983500,534464
Merge Sort,Ordenado,10000,69008,64608,400848,15,15191800,534464
Merge Sort,Ordenado,10000,69008,64608,400848,15,21135500,534464
Merge Sort,Ordenado,10000,69008,64608,400848,15,18043300,534464
Merge Sort,Ordenado,10000,69008,64608,400848,15,20170100,534464
Merge Sort,Ordenado,10000,69008,64608,400848,15,20706800,534464
Merge Sort,Ordenado,10000,69008,64608,400848,15,16742100,534464
Merge Sort,Ordenado,10000,69008,64608,400848,15,21435900,534464
Merge Sort,Ordenado,10000,69008,64608,400848,15,19044100,534464
Merge Sort,Ordenado,10000,69008,64608,400848,15,21498800,534464
Merge Sort,Ordenado,10000,69008,64608,400848,15,21212300,534464
Merge Sort,Ordenado,10000,69008,64608,400848,15,21452800,534464
Merge Sort,Ordenado,10000,69008,64608,400848,15,21556600,534464
Merge Sort,Ordenado,10000,69008,64608,400848,15,15941500,534464
Merge Sort,Ordenado,10000,69008,64608,400848,15,20399400,534464
Merge Sort,Ordenado,10000,69008,64608,400848,15,20419700,534464
Merge Sort,Ordenado,10000,69008,64608,400848,15,20927000,534464
Merge Sort,Ordenado,10000,69008,64608,400848,15,20842300,534464
Merge Sort,Ordenado,10000,69008,64608,400848,15,12326500,534464
Merge Sort,Ordenado,10000,69008,64608,400848,15,20534800,534464
Merge Sort,Ordenado,10000,69008,64608,400848,15,21316300,534464
Merge Sort,Ordenado,10000,69008,64608,400848,15,19375600,534464
Merge Sort,Ordenado,10000,69008,64608,400848,15,22267200,534464
Merge Sort,Ordenado,10000,69008,64608,400848,15,18216200,534464
Merge Sort,Ordenado,10000,69008,64608,400848,15,15663500,534464
Merge Sort,Ordenado,10000,69008,64608,400848,15,23234900,534464
Merge Sort,Ordenado,10000,69008,64608,400848,15,13486000,534464
Merge Sort,Ordenado,10000,69008,64608,400848,15,20110700,534464
Merge Sort,Ordenado,10000,69008,64608,400848,15,22308900,534464
Heap Sort,Ordenado,10000,244460,131956,1016744,0,21825700,12
Heap Sort,Ordenado,10000,244460,131956,1016744,0,14665100,12
Heap Sort,Ordenado,10000,244460,131956,1016744,0,20162900,12
Heap Sort,Ordenado,10000,244460,131956,1016744,0,19522100,12
Heap Sort,Ordenado,10000,244460,131956,1016744,0,17390400,12
Heap Sort,Ordenado,10000,244460,131956,1016744,0,14169800,12
Heap Sort,Ordenado,10000,244460,131956,1016744,0,21279000,12
Heap Sort,Ordenado,10000,244460,131956,1016744,0,20142100,12
Heap Sort,Ordenado,10000,244460,131956,1016744,0,13770900,12
Heap Sort,Ordenado,10000,244460,131956,1016744,0,19361700,12
Heap Sort,Ordenado,10000,244460,131956,1016744,0,19803400,12
Heap Sort,Ordenado,10000,244460,131956,1016744,0,14784800,12
Heap Sort,Ordenado,10000,244460,131956,1016744,0,15455900,12
Heap Sort,Ordenado,10000,244460,131956,1016744,0,19537800,12
Heap Sort,Ordenado,10000,244460,131956,1016744,0,19503300,12
Heap Sort,Ordenado,10000,244460,131956,1016744,0,17355400,12
Heap Sort,Ordenado,10000,244460,131956,1016744,0,15929600,12
Heap Sort,Ordenado,10000,244460,131956,1016744,0,13067500,12
Heap Sort,Ordenado,10000,244460,131956,1016744,0,19252600,12
Heap Sort,Ordenado,10000,244460,131956,1016744,0,19837200,12
Heap Sort,Ordenado,10000,244460,131956,1016744,0,13446800,12
Heap Sort,Ordenado,10000,244460,131956,1016744,0,19199900,12
Heap Sort,Ordenado,10000,244460,131956,1016744,0,19226600,12
Heap Sort,Ordenado,10000,244460,131956,1016744,0,13051000,12
Heap Sort,Ordenado,10000,244460,131956,1016744,0,19723700,12
Heap Sort,Ordenado,10000,244460,131956,1016744,0,16712700,12
Heap Sort,Ordenado,10000,244460,131956,1016744,0,19657600,12
Heap Sort,Ordenado,10000,244460,131956,1016744,0,20788600,12
Heap Sort,Ordenado,10000,244460,131956,1016744,0,18053800,12
Heap Sort,Ordenado,10000,244460,131956,1016744,0,19376700,12
Shell Sort,Ordenado,10000,75243,0,300972,0,5203700,16
Shell Sort,Ordenado,10000,75243,0,300972,0,6964700,16
Shell Sort,Ordenado,10000,75243,0,300972,0,4759400,16
Shell Sort,Ordenado,10000,75243,0,300972,0,4877800,16
Shell Sort,Ordenado,10000,75243,0,300972,0,4909100,16
Shell Sort,Ordenado,10000,75243,0,300972,0,4718000,16
Shell Sort,Ordenado,10000,75243,0,300972,0,5168100,16
Shell Sort,Ordenado,10000,75243,0,300972,0,5126900,16
Shell Sort,Ordenado,10000,75243,0,300972,0,5114400,16
Shell Sort,Ordenado,10000,75243,0,300972,0,5769700,16
Shell Sort,Ordenado,10000,75243,0,300972,0,4831600,16
Shell Sort,Ordenado,10000,75243,0,300972,0,4681900,16
Shell Sort,Ordenado,10000,75243,0,300972,0,5182100,16
Shell Sort,Ordenado,10000,75243,0,300972,0,4957100,16
Shell Sort,Ordenado,10000,75243,0,300972,0,4492700,16
Shell Sort,Ordenado,10000,75243,0,300972,0,4730300,16
Shell Sort,Ordenado,10000,75243,0,300972,0,4319000,16
Shell Sort,Ordenado,10000,75243,0,300972,0,4955500,16
Shell Sort,Ordenado,10000,75243,0,300972,0,5146400,16
Shell Sort,Ordenado,10000,75243,0,300972,0,4700700,16
Shell Sort,Ordenado,10000,75243,0,300972,0,5130900,16
Shell Sort,Ordenado,10000,75243,0,300972,0,5117200,16
Shell Sort,Ordenado,10000,75243,0,300972,0,4864200,16
Shell Sort,Ordenado,10000,75243,0,300972,0,4028300,16
Shell Sort,Ordenado,10000,75243,0,300972,0,4766600,16
Shell Sort,Ordenado,10000,75243,0,300972,0,2872000,16
Shell Sort,Ordenado,10000,75243,0,300972,0,5004400,16
Shell Sort,Ordenado,10000,75243,0,300972,0,4756500,16
Shell Sort,Ordenado,10000,75243,0,300972,0,5327500,16
Shell Sort,Ordenado,10000,75243,0,300972,0,3519500,16
Quick Sort,Ordenado,10000,49995000,50004999,300019995,10000,2655655200,120000
Quick Sort,Ordenado,10000,49995000,50004999,300019995,10000,2553777500,120000
Quick Sort,Ordenado,10000,49995000,50004999,300019995,10000,2543247800,120000
Quick Sort,Ordenado,10000,49995000,50004999,300019995,10000,2535134700,120000
Quick Sort,Ordenado,10000,49995000,50004999,300019995,10000,2537803800,120000
Quick Sort,Ordenado,10000,49995000,50004999,300019995,10000,2608086900,120000
Quick Sort,Ordenado,10000,49995000,50004999,300019995,10000,2545951200,120000
Quick Sort,Ordenado,10000,49995000,50004999,300019995,10000,2531208200,120000
Quick Sort,Ordenado,10000,49995000,50004999,300019995,10000,2543456400,120000
Quick Sort,Ordenado,10000,49995000,50004999,300019995,10000,2542781600,120000
Quick Sort,Ordenado,10000,49995000,50004999,300019995,10000,2698810700,120000
Quick Sort,Ordenado,10000,49995000,50004999,300019995,10000,2546614000,120000
Quick Sort,Ordenado,10000,49995000,50004999,300019995,10000,2539041700,120000
Quick Sort,Ordenado,10000,49995000,50004999,300019995,10000,2643344500,120000
Quick Sort,Ordenado,10000,49995000,50004999,300019995,10000,2534345000,120000
Quick Sort,Ordenado,10000,49995000,50004999,300019995,10000,2537046200,120000
Quick Sort,Ordenado,10000,49995000,50004999,300019995,10000,2545384400,120000
Quick Sort,Ordenado,10000,49995000,50004999,300019995,10000,2536009500,120000
Quick Sort,Ordenado,10000,49995000,50004999,300019995,10000,2522652900,120000
Quick Sort,Ordenado,10000,49995000,50004999,300019995,10000,2534098900,120000
Quick Sort,Ordenado,10000,49995000,50004999,300019995,10000,2527202200,120000
Quick Sort,Ordenado,10000,49995000,50004999,300019995,10000,2842649100,120000
Quick Sort,Ordenado,10000,49995000,50004999,300019995,10000,2540626300,120000
Quick Sort,Ordenado,10000,49995000,50004999,300019995,10000,2539783700,120000
Quick Sort,Ordenado,10000,49995000,50004999,300019995,10000,2560744700,120000
Quick Sort,Ordenado,10000,49995000,50004999,300019995,10000,2540890200,120000
Quick Sort,Ordenado,10000,49995000,50004999,300019995,10000,2533160000,120000
Quick Sort,Ordenado,10000,49995000,50004999,300019995,10000,2540192500,120000
Quick Sort,Ordenado,10000,49995000,50004999,300019995,10000,2538341100,120000
Quick Sort,Ordenado,10000,49995000,50004999,300019995,10000,2543399100,120000
Quick Random,Ordenado,10000,158403,90125,683992,34,6588100,408
Quick Random,Ordenado,10000,158403,90125,683992,34,10494600,408
Quick Random,Ordenado,10000,158403,90125,683992,34,10799400,408
Quick Random,Ordenado,10000,158403,90125,683992,34,12122400,408
Quick Random,Ordenado,10000,158403,90125,683992,34,9568400,408
Quick Random,Ordenado,10000,158403,90125,683992,34,9441500,408
Quick Random,Ordenado,10000,158403,90125,683992,34,9959800,408
Quick Random,Ordenado,10000,158403,90125,683992,34,10770900,408
Quick Random,Ordenado,10000,158403,90125,683992,34,10205700,408
Quick Random,Ordenado,10000,158403,90125,683992,34,10229600,408
Quick Random,Ordenado,10000,158403,90125,683992,34,10001500,408
Quick Random,Ordenado,10000,158403,90125,683992,34,10358300,408
Quick Random,Ordenado,10000,158403,90125,683992,34,6576600,408
Quick Random,Ordenado,10000,158403,90125,683992,34,8893700,408
Quick Random,Ordenado,10000,158403,90125,683992,34,6072700,408
Quick Random,Ordenado,10000,158403,90125,683992,34,6452700,408
Quick Random,Ordenado,10000,158403,90125,683992,34,9340700,408
Quick Random,Ordenado,10000,158403,90125,683992,34,10335500,408
Quick Random,Ordenado,10000,158403,90125,683992,34,10025700,408
Quick Random,Ordenado,10000,158403,90125,683992,34,10419900,408
Quick Random,Ordenado,10000,158403,90125,683992,34,6421700,408
Quick Random,Ordenado,10000,158403,90125,683992,34,8863100,408
Quick Random,Ordenado,10000,158403,90125,683992,34,9986500,408
Quick Random,Ordenado,10000,158403,90125,683992,34,10116200,408
Quick Random,Ordenado,10000,158403,90125,683992,34,10378800,408
Quick Random,Ordenado,10000,158403,90125,683992,34,8801600,408
Quick Random,Ordenado,10000,158403,90125,683992,34,10507200,408
Quick Random,Ordenado,10000,158403,90125,683992,34,10382500,408
Quick Random,Ordenado,10000,158403,90125,683992,34,9022000,408
Quick Random,Ordenado,10000,158403,90125,683992,34,9879100,408
Bubble Sort,Reverso,10000,49995000,49995000,299970000,0,3022875200,13
Bubble Sort,Reverso,10000,49995000,49995000,299970000,0,4668832400,13
Bubble Sort,Reverso,10000,49995000,49995000,299970000,0,3399698400,13
Bubble Sort,Reverso,10000,49995000,49995000,299970000,0,3294137700,13
Bubble Sort,Reverso,10000,49995000,49995000,299970000,0,3263097500,13
Bubble Sort,Reverso,10000,49995000,49995000,299970000,0,3218556100,13
Bubble Sort,Reverso,10000,49995000,49995000,299970000,0,3164619000,13
Bubble Sort,Reverso,10000,49995000,49995000,299970000,0,2968942900,13
Bubble Sort,Reverso,10000,49995000,49995000,299970000,0,2969194700,13
Bubble Sort,Reverso,10000,49995000,49995000,299970000,0,2973631300,13
Bubble Sort,Reverso,10000,49995000,49995000,299970000,0,2977009700,13
Bubble Sort,Reverso,10000,49995000,49995000,299970000,0,2982695000,13
Bubble Sort,Reverso,10000,49995000,49995000,299970000,0,2973133900,13
Bubble Sort,Reverso,10000,49995000,49995000,299970000,0,2940554500,13
Bubble Sort,Reverso,10000,49995000,49995000,299970000,0,2978331300,13
Bubble Sort,Reverso,10000,49995000,49995000,299970000,0,2979626700,13
Bubble Sort,Reverso,10000,49995000,49995000,299970000,0,2970478000,13
Bubble Sort,Reverso,10000,49995000,49995000,299970000,0,3237829900,13
Bubble Sort,Reverso,10000,49995000,49995000,299970000,0,3293234100,13
Bubble Sort,Reverso,10000,49995000,49995000,299970000,0,2971475700,13
Bubble Sort,Reverso,10000,49995000,49995000,299970000,0,3003385400,13
Bubble Sort,Reverso,10000,49995000,49995000,299970000,0,2983363700,13
Bubble Sort,Reverso,10000,49995000,49995000,299970000,0,2984703800,13
Bubble Sort,Reverso,10000,49995000,49995000,299970000,0,2977634300,13
Bubble Sort,Reverso,10000,49995000,49995000,299970000,0,3087858600,13
Bubble Sort,Reverso,10000,49995000,49995000,299970000,0,2965979400,13
Bubble Sort,Reverso,10000,49995000,49995000,299970000,0,2976046300,13
Bubble Sort,Reverso,10000,49995000,49995000,299970000,0,3013652000,13
Bubble Sort,Reverso,10000,49995000,49995000,299970000,0,3018878800,13
Bubble Sort,Reverso,10000,49995000,49995000,299970000,0,2982876800,13
Insertion Sort,Reverso,10000,49995000,50004999,199999998,0,2080830600,12
Insertion Sort,Reverso,10000,49995000,50004999,199999998,0,2513895600,12
Insertion Sort,Reverso,10000,49995000,50004999,199999998,0,2188061100,12
Insertion Sort,Reverso,10000,49995000,50004999,199999998,0,2020117300,12
Insertion Sort,Reverso,10000,49995000,50004999,199999998,0,1999047100,12
Insertion Sort,Reverso,10000,49995000,50004999,199999998,0,1985979200,12
Insertion Sort,Reverso,10000,49995000,50004999,199999998,0,1997154000,12
Insertion Sort,Reverso,10000,49995000,50004999,199999998,0,1996651300,12
Insertion Sort,Reverso,10000,49995000,50004999,199999998,0,2007657000,12
Insertion Sort,Reverso,10000,49995000,50004999,199999998,0,1994916000,12
Insertion Sort,Reverso,10000,49995000,50004999,199999998,0,2000346400,12
Insertion Sort,Reverso,10000,49995000,50004999,199999998,0,1999657400,12
Insertion Sort,Reverso,10000,49995000,50004999,199999998,0,2000704800,12
Insertion Sort,Reverso,10000,49995000,50004999,199999998,0,2000102100,12
Insertion Sort,Reverso,10000,49995000,50004999,199999998,0,1994190200,12
Insertion Sort,Reverso,10000,49995000,50004999,199999998,0,2004228400,12
Insertion Sort,Reverso,10000,49995000,50004999,199999998,0,2006153200,12
Insertion Sort,Reverso,10000,49995000,50004999,199999998,0,1987396900,12
Insertion Sort,Reverso,10000,49995000,50004999,199999998,0,1995600000,12
Insertion Sort,Reverso,10000,49995000,50004999,199999998,0,1992477900,12
Insertion Sort,Reverso,10000,49995000,50004999,199999998,0,1994651200,12
Insertion Sort,Reverso,10000,49995000,50004999,199999998,0,2058442300,12
Insertion Sort,Reverso,10000,49995000,50004999,199999998,0,2002064800,12
Insertion Sort,Reverso,10000,49995000,50004999,199999998,0,1993539600,12
Insertion Sort,Reverso,10000,49995000,50004999,199999998,0,1997713700,12
Insertion Sort,Reverso,10000,49995000,50004999,199999998,0,1990046100,12
Insertion Sort,Reverso,10000,49995000,50004999,199999998,0,1996733200,12
Insertion Sort,Reverso,10000,49995000,50004999,199999998,0,1995605600,12
Insertion Sort,Reverso,10000,49995000,50004999,199999998,0,1994461100,12
Insertion Sort,Reverso,10000,49995000,50004999,199999998,0,1989401800,12
Selection Sort,Reverso,10000,49995000,5000,100010000,0,1417974700,12
Selection Sort,Reverso,10000,49995000,5000,100010000,0,1286702100,12
Selection Sort,Reverso,10000,49995000,5000,100010000,0,1287325500,12
Selection Sort,Reverso,10000,49995000,5000,100010000,0,1297409900,12
Selection Sort,Reverso,10000,49995000,5000,100010000,0,1296840300,12
Selection Sort,Reverso,10000,49995000,5000,100010000,0,1284046200,12
Selection Sort,Reverso,10000,49995000,5000,100010000,0,1283898900,12
Selection Sort,Reverso,10000,49995000,5000,100010000,0,1285127800,12
Selection Sort,Reverso,10000,49995000,5000,100010000,0,1290155400,12
Selection Sort,Reverso,10000,49995000,5000,100010000,0,1292219100,12
Selection Sort,Reverso,10000,49995000,5000,100010000,0,1291744400,12
Selection Sort,Reverso,10000,49995000,5000,100010000,0,1415033900,12
Selection Sort,Reverso,10000,49995000,5000,100010000,0,1288501700,12
Selection Sort,Reverso,10000,49995000,5000,100010000,0,1290568500,12
Selection Sort,Reverso,10000,49995000,5000,100010000,0,1286322500,12
Selection Sort,Reverso,10000,49995000,5000,100010000,0,1290650800,12
Selection Sort,Reverso,10000,49995000,5000,100010000,0,1287146500,12
Selection Sort,Reverso,10000,49995000,5000,100010000,0,1289550000,12
Selection Sort,Reverso,10000,49995000,5000,100010000,0,1481238300,12
Selection Sort,Reverso,10000,49995000,5000,100010000,0,1826931300,12
Selection Sort,Reverso,10000,49995000,5000,100010000,0,1866861700,12
Selection Sort,Reverso,10000,49995000,5000,100010000,0,1886354100,12
Selection Sort,Reverso,10000,49995000,5000,100010000,0,1422712500,12
Selection Sort,Reverso,10000,49995000,5000,100010000,0,1286325100,12
Selection Sort,Reverso,10000,49995000,5000,100010000,0,1555863300,12
Selection Sort,Reverso,10000,49995000,5000,100010000,0,1299668500,12
Selection Sort,Reverso,10000,49995000,5000,100010000,0,1290572200,12
Selection Sort,Reverso,10000,49995000,5000,100010000,0,1281324400,12
Selection Sort,Reverso,10000,49995000,5000,100010000,0,1290236900,12
Selection Sort,Reverso,10000,49995000,5000,100010000,0,1283091800,12
Merge Sort,Reverso,10000,64608,69008,400848,15,13668400,534464
Merge Sort,Reverso,10000,64608,69008,400848,15,21090100,534464
Merge Sort,Reverso,10000,64608,69008,400848,15,18950900,534464
Merge Sort,Reverso,10000,64608,69008,400848,15,19186900,534464
Merge Sort,Reverso,10000,64608,69008,400848,15,15650200,534464
Merge Sort,Reverso,10000,64608,69008,400848,15,14893100,534464
Merge Sort,Reverso,10000,64608,69008,400848,15,15264400,534464
Merge Sort,Reverso,10000,64608,69008,400848,15,21144800,534464
Merge Sort,Reverso,10000,64608,69008,400848,15,20992100,534464
Merge Sort,Reverso,10000,64608,69008,400848,15,19718200,534464
Merge Sort,Reverso,10000,64608,69008,400848,15,19979100,534464
Merge Sort,Reverso,10000,64608,69008,400848,15,20778500,534464
Merge Sort,Reverso,10000,64608,69008,400848,15,20543700,534464
Merge Sort,Reverso,10000,64608,69008,400848,15,20630600,534464
Merge Sort,Reverso,10000,64608,69008,400848,15,19689300,534464
Merge Sort,Reverso,10000,64608,69008,400848,15,12090800,534464
Merge Sort,Reverso,10000,64608,69008,400848,15,20876200,534464
Merge Sort,Reverso,10000,64608,69008,400848,15,21284400,534464
Merge Sort,Reverso,10000,64608,69008,400848,15,19508500,534464
Merge Sort,Reverso,10000,64608,69008,400848,15,21265700,534464
Merge Sort,Reverso,10000,64608,69008,400848,15,15779400,534464
Merge Sort,Reverso,10000,64608,69008,400848,15,20676400,534464
Merge Sort,Reverso,10000,64608,69008,400848,15,19009100,534464
Merge Sort,Reverso,10000,64608,69008,400848,15,21013500,534464
Merge Sort,Reverso,10000,64608,69008,400848,15,19183800,534464
Merge Sort,Reverso,10000,64608,69008,400848,15,20314500,534464
Merge Sort,Reverso,10000,64608,69008,400848,15,23002600,534464
Merge Sort,Reverso,10000,64608,69008,400848,15,21024700,534464
Merge Sort,Reverso,10000,64608,69008,400848,15,21233500,534464
Merge Sort,Reverso,10000,64608,69008,400848,15,21279400,534464
Heap Sort,Reverso,10000,226682,116696,920148,0,16695900,12
Heap Sort,Reverso,10000,226682,116696,920148,0,18239700,12
Heap Sort,Reverso,10000,226682,116696,920148,0,15914500,12
Heap Sort,Reverso,10000,226682,116696,920148,0,15978500,12
Heap Sort,Reverso,10000,226682,116696,920148,0,14261800,12
Heap Sort,Reverso,10000,226682,116696,920148,0,18436500,12
Heap Sort,Reverso,10000,226682,116696,920148,0,16606400,12
Heap Sort,Reverso,10000,226682,116696,920148,0,17086300,12
Heap Sort,Reverso,10000,226682,116696,920148,0,17942300,12
Heap Sort,Reverso,10000,226682,116696,920148,0,11815900,12
Heap Sort,Reverso,10000,226682,116696,920148,0,16676600,12
Heap Sort,Reverso,10000,226682,116696,920148,0,17818800,12
Heap Sort,Reverso,10000,226682,116696,920148,0,11879400,12
Heap Sort,Reverso,10000,226682,116696,920148,0,17370900,12
Heap Sort,Reverso,10000,226682,116696,920148,0,13154600,12
Heap Sort,Reverso,10000,226682,116696,920148,0,12371800,12
Heap Sort,Reverso,10000,226682,116696,920148,0,12441500,12
Heap Sort,Reverso,10000,226682,116696,920148,0,16496700,12
Heap Sort,Reverso,10000,226682,116696,920148,0,17834800,12
Heap Sort,Reverso,10000,226682,116696,920148,0,11985800,12
Heap Sort,Reverso,10000,226682,116696,920148,0,12046500,12
Heap Sort,Reverso,10000,226682,116696,920148,0,17744200,12
Heap Sort,Reverso,10000,226682,116696,920148,0,17588800,12
Heap Sort,Reverso,10000,226682,116696,920148,0,17787100,12
Heap Sort,Reverso,10000,226682,116696,920148,0,18254100,12
Heap Sort,Reverso,10000,226682,116696,920148,0,15795100,12
Heap Sort,Reverso,10000,226682,116696,920148,0,17065000,12
Heap Sort,Reverso,10000,226682,116696,920148,0,17897000,12
Heap Sort,Reverso,10000,226682,116696,920148,0,18144000,12
Heap Sort,Reverso,10000,226682,116696,920148,0,18495100,12
Shell Sort,Reverso,10000,120190,93666,498274,0,9487800,16
Shell Sort,Reverso,10000,120190,93666,498274,0,7965900,16
Shell Sort,Reverso,10000,120190,93666,498274,0,7980600,16
Shell Sort,Reverso,10000,120190,93666,498274,0,7859300,16
Shell Sort,Reverso,10000,120190,93666,498274,0,8503100,16
Shell Sort,Reverso,10000,120190,93666,498274,0,5478900,16
Shell Sort,Reverso,10000,120190,93666,498274,0,9103000,16
Shell Sort,Reverso,10000,120190,93666,498274,0,8324800,16
Shell Sort,Reverso,10000,120190,93666,498274,0,8472900,16
Shell Sort,Reverso,10000,120190,93666,498274,0,8907500,16
Shell Sort,Reverso,10000,120190,93666,498274,0,8871100,16
Shell Sort,Reverso,10000,120190,93666,498274,0,8799000,16
Shell Sort,Reverso,10000,120190,93666,498274,0,8848000,16
Shell Sort,Reverso,10000,120190,93666,498274,0,8354500,16
Shell Sort,Reverso,10000,120190,93666,498274,0,8958300,16
Shell Sort,Reverso,10000,120190,93666,498274,0,8932200,16
Shell Sort,Reverso,10000,120190,93666,498274,0,5483700,16
Shell Sort,Reverso,10000,120190,93666,498274,0,7117400,16
Shell Sort,Reverso,10000,120190,93666,498274,0,8810500,16
Shell Sort,Reverso,10000,120190,93666,498274,0,7567400,16
Shell Sort,Reverso,10000,120190,93666,498274,0,8176000,16
Shell Sort,Reverso,10000,120190,93666,498274,0,8699100,16
Shell Sort,Reverso,10000,120190,93666,498274,0,8253600,16
Shell Sort,Reverso,10000,120190,93666,498274,0,8636900,16
Shell Sort,Reverso,10000,120190,93666,498274,0,9296500,16
Shell Sort,Reverso,10000,120190,93666,498274,0,8328600,16
Shell Sort,Reverso,10000,120190,93666,498274,0,5373400,16
Shell Sort,Reverso,10000,120190,93666,498274,0,7393600,16
Shell Sort,Reverso,10000,120190,93666,498274,0,6329900,16
Shell Sort,Reverso,10000,120190,93666,498274,0,8447000,16
Quick Sort,Reverso,10000,49995000,25004999,200019995,10000,1858594500,120000
Quick Sort,Reverso,10000,49995000,25004999,200019995,10000,1687737700,120000
Quick Sort,Reverso,10000,49995000,25004999,200019995,10000,1705859600,120000
Quick Sort,Reverso,10000,49995000,25004999,200019995,10000,1674865300,120000
Quick Sort,Reverso,10000,49995000,25004999,200019995,10000,1676501900,120000
Quick Sort,Reverso,10000,49995000,25004999,200019995,10000,1680164400,120000
Quick Sort,Reverso,10000,49995000,25004999,200019995,10000,1662415200,120000
Quick Sort,Reverso,10000,49995000,25004999,200019995,10000,1670375500,120000
Quick Sort,Reverso,10000,49995000,25004999,200019995,10000,1676190300,120000
Quick Sort,Reverso,10000,49995000,25004999,200019995,10000,1887942400,120000
Quick Sort,Reverso,10000,49995000,25004999,200019995,10000,1952276800,120000
Quick Sort,Reverso,10000,49995000,25004999,200019995,10000,1748204700,120000
Quick Sort,Reverso,10000,49995000,25004999,200019995,10000,1711691400,120000
Quick Sort,Reverso,10000,49995000,25004999,200019995,10000,1674174900,120000
Quick Sort,Reverso,10000,49995000,25004999,200019995,10000,1685910600,120000
Quick Sort,Reverso,10000,49995000,25004999,200019995,10000,1676315200,120000
Quick Sort,Reverso,10000,49995000,25004999,200019995,10000,1686463200,120000
Quick Sort,Reverso,10000,49995000,25004999,200019995,10000,1679394500,120000
Quick Sort,Reverso,10000,49995000,25004999,200019995,10000,1681709300,120000
Quick Sort,Reverso,10000,49995000,25004999,200019995,10000,1682332300,120000
Quick Sort,Reverso,10000,49995000,25004999,200019995,10000,1680039400,120000
Quick Sort,Reverso,10000,49995000,25004999,200019995,10000,1675947200,120000
Quick Sort,Reverso,10000,49995000,25004999,200019995,10000,1677214200,120000
Quick Sort,Reverso,10000,49995000,25004999,200019995,10000,1684730700,120000
Quick Sort,Reverso,10000,49995000,25004999,200019995,10000,1680541600,120000
Quick Sort,Reverso,10000,49995000,25004999,200019995,10000,1683637700,120000
Quick Sort,Reverso,10000,49995000,25004999,200019995,10000,1682642800,120000
Quick Sort,Reverso,10000,49995000,25004999,200019995,10000,1673670800,120000
Quick Sort,Reverso,10000,49995000,25004999,200019995,10000,1686074400,120000
Quick Sort,Reverso,10000,49995000,25004999,200019995,10000,1684989800,120000
Quick Random,Reverso,10000,159709,81229,651011,30,10240100,360
Quick Random,Reverso,10000,159709,81229,651011,30,8355300,360
Quick Random,Reverso,10000,159709,81229,651011,30,10141300,360
Quick Random,Reverso,10000,159709,81229,651011,30,9090100,360
Quick Random,Reverso,10000,159709,81229,651011,30,10161400,360
Quick Random,Reverso,10000,159709,81229,651011,30,8295800,360
Quick Random,Reverso,10000,159709,81229,651011,30,10502300,360
Quick Random,Reverso,10000,159709,81229,651011,30,9945800,360
Quick Random,Reverso,10000,159709,81229,651011,30,10359600,360
Quick Random,Reverso,10000,159709,81229,651011,30,9734200,360
Quick Random,Reverso,10000,159709,81229,651011,30,8661300,360
Quick Random,Reverso,10000,159709,81229,651011,30,10069000,360
Quick Random,Reverso,10000,159709,81229,651011,30,10063700,360
Quick Random,Reverso,10000,159709,81229,651011,30,9629500,360
Quick Random,Reverso,10000,159709,81229,651011,30,9585000,360
Quick Random,Reverso,10000,159709,81229,651011,30,10198600,360
Quick Random,Reverso,10000,159709,81229,651011,30,10275700,360
Quick Random,Reverso,10000,159709,81229,651011,30,9637000,360
Quick Random,Reverso,10000,159709,81229,651011,30,6414200,360
Quick Random,Reverso,10000,159709,81229,651011,30,8332000,360
Quick Random,Reverso,10000,159709,81229,651011,30,10019900,360
Quick Random,Reverso,10000,159709,81229,651011,30,10095800,360
Quick Random,Reverso,10000,159709,81229,651011,30,9542600,360
Quick Random,Reverso,10000,159709,81229,651011,30,10047100,360
Quick Random,Reverso,10000,159709,81229,651011,30,8331700,360
Quick Random,Reverso,10000,159709,81229,651011,30,10083400,360
Quick Random,Reverso,10000,159709,81229,651011,30,10056700,360
Quick Random,Reverso,10000,159709,81229,651011,30,9387500,360
Quick Random,Reverso,10000,159709,81229,651011,30,6187600,360
Quick Random,Reverso,10000,159709,81229,651011,30,9746100,360
Bubble Sort,Parcial,10000,49964372,5832373,123258236,0,1593706900,13
Bubble Sort,Parcial,10000,49970247,5693146,122713078,0,1568016000,13
Bubble Sort,Parcial,10000,49965354,5813738,123185660,0,1554450600,13
Bubble Sort,Parcial,10000,49964865,5937376,123679234,0,1567993900,13
Bubble Sort,Parcial,10000,49994220,5705716,122811304,0,1554473800,13
Bubble Sort,Parcial,10000,49978164,5713592,122810696,0,1681250100,13
Bubble Sort,Parcial,10000,49968204,6076234,124241344,0,1580233600,13
Bubble Sort,Parcial,10000,49938047,5765438,122937846,0,1558572800,13
Bubble Sort,Parcial,10000,49940385,5827812,123192018,0,1567821700,13
Bubble Sort,Parcial,10000,49835670,5581744,121998316,0,1551751300,13
Bubble Sort,Parcial,10000,49991679,5747908,122974990,0,1558923900,13
Bubble Sort,Parcial,10000,49982910,5779744,123084796,0,1565524200,13
Bubble Sort,Parcial,10000,49867235,5825244,123035446,0,1561503800,13
Bubble Sort,Parcial,10000,49922990,5908940,123481740,0,1565402700,13
Bubble Sort,Parcial,10000,49942025,5662194,122532826,0,1552729800,13
Bubble Sort,Parcial,10000,49987860,5639379,122533236,0,1555715300,13
Bubble Sort,Parcial,10000,49960809,5902212,123530466,0,1573909000,13
Bubble Sort,Parcial,10000,49958954,5808442,123151676,0,1555656300,13
Bubble Sort,Parcial,10000,49964865,5949460,123727570,0,1573670100,13
Bubble Sort,Parcial,10000,49970910,5849004,123337836,0,1570991700,13
Bubble Sort,Parcial,10000,49893525,5882654,123317666,0,1567332500,13
Bubble Sort,Parcial,10000,49949850,5926318,123604972,0,1568613300,13
Bubble Sort,Parcial,10000,49992225,5601296,122389634,0,1552361100,13
Bubble Sort,Parcial,10000,49992225,5671700,122671250,0,1559360400,13
Bubble Sort,Parcial,10000,49990814,5670716,122664492,0,1565756000,13
Bubble Sort,Parcial,10000,49845669,5924730,123390258,0,1570416200,13
Bubble Sort,Parcial,10000,49943640,5858196,123320064,0,1567610600,13
Bubble Sort,Parcial,10000,49744014,5510496,121530012,0,1543887400,13
Bubble Sort,Parcial,10000,49973885,5762080,122996090,0,1554145900,13
Bubble Sort,Parcial,10000,49979600,5747466,122949064,0,1559946000,13
Insertion Sort,Parcial,10000,5686773,5686743,22747092,0,241283100,12
Insertion Sort,Parcial,10000,5697681,5697663,22790724,0,239874400,12
Insertion Sort,Parcial,10000,5935641,5935632,23742564,0,250603700,12
Insertion Sort,Parcial,10000,5759925,5759909,23039700,0,239677900,12
Insertion Sort,Parcial,10000,5614395,5614366,22457580,0,244345700,12
Insertion Sort,Parcial,10000,5950389,5950377,23801556,0,248032400,12
Insertion Sort,Parcial,10000,5695356,5695342,22781424,0,235539200,12
Insertion Sort,Parcial,10000,5877335,5877313,23509340,0,242678700,12
Insertion Sort,Parcial,10000,5696641,5696632,22786564,0,227265800,12
Insertion Sort,Parcial,10000,5906957,5906938,23627828,0,243697600,12
Insertion Sort,Parcial,10000,5890399,5890391,23561600,0,241137000,12
Insertion Sort,Parcial,10000,5890267,5890245,23561068,0,234507600,12
Insertion Sort,Parcial,10000,5634215,5634196,22536860,0,234773900,12
Insertion Sort,Parcial,10000,5809391,5809377,23237564,0,229546800,12
Insertion Sort,Parcial,10000,5776911,5776905,23107648,0,229748000,12
Insertion Sort,Parcial,10000,5942837,5942815,23771348,0,238512100,12
Insertion Sort,Parcial,10000,5848869,5848858,23395476,0,241518200,12
Insertion Sort,Parcial,10000,5918608,5918590,23674432,0,235704200,12
Insertion Sort,Parcial,10000,5801807,5801793,23207228,0,241215700,12
Insertion Sort,Parcial,10000,5752725,5752714,23010900,0,233857400,12
Insertion Sort,Parcial,10000,5624483,5624471,22497936,0,230216700,12
Insertion Sort,Parcial,10000,5666289,5666280,22665160,0,234132700,12
Insertion Sort,Parcial,10000,5902787,5902762,23611148,0,237566900,12
Insertion Sort,Parcial,10000,5918033,5918025,23672132,0,243984900,12
Insertion Sort,Parcial,10000,5839199,5839175,23356796,0,234564700,12
Insertion Sort,Parcial,10000,5961359,5961352,23845436,0,248288500,12
Insertion Sort,Parcial,10000,5844623,5844581,23378492,0,245088800,12
Insertion Sort,Parcial,10000,5856371,5856356,23425484,0,242324300,12
Insertion Sort,Parcial,10000,5767515,5767500,23070060,0,230414700,12
Insertion Sort,Parcial,10000,5847114,5847095,23388456,0,242386800,12
Selection Sort,Parcial,10000,49995000,1000,99994000,0,1325155700,12
Selection Sort,Parcial,10000,49995000,1000,99994000,0,1328110300,12
Selection Sort,Parcial,10000,49995000,1000,99994000,0,1341902400,12
Selection Sort,Parcial,10000,49995000,1000,99994000,0,1293329800,12
Selection Sort,Parcial,10000,49995000,999,99993996,0,1282318500,12
Selection Sort,Parcial,10000,49995000,1000,99994000,0,1283405400,12
Selection Sort,Parcial,10000,49995000,1000,99994000,0,1277733900,12
Selection Sort,Parcial,10000,49995000,1000,99994000,0,1405441900,12
Selection Sort,Parcial,10000,49995000,1000,99994000,0,1288131800,12
Selection Sort,Parcial,10000,49995000,1000,99994000,0,1282385600,12
Selection Sort,Parcial,10000,49995000,999,99993996,0,1290060300,12
Selection Sort,Parcial,10000,49995000,1000,99994000,0,1384431000,12
Selection Sort,Parcial,10000,49995000,1000,99994000,0,1285217900,12
Selection Sort,Parcial,10000,49995000,1000,99994000,0,1273275200,12
Selection Sort,Parcial,10000,49995000,1000,99994000,0,1281127000,12
Selection Sort,Parcial,10000,49995000,1000,99994000,0,1279599500,12
Selection Sort,Parcial,10000,49995000,999,99993996,0,1278123200,12
Selection Sort,Parcial,10000,49995000,1000,99994000,0,1347256800,12
Selection Sort,Parcial,10000,49995000,1000,99994000,0,1277661400,12
Selection Sort,Parcial,10000,49995000,1000,99994000,0,1281023000,12
Selection Sort,Parcial,10000,49995000,1000,99994000,0,1278160000,12
Selection Sort,Parcial,10000,49995000,1000,99994000,0,1276298500,12
Selection Sort,Parcial,10000,49995000,1000,99994000,0,1280296500,12
Selection Sort,Parcial,10000,49995000,1000,99994000,0,1279247000,12
Selection Sort,Parcial,10000,49995000,1000,99994000,0,1280821600,12
Selection Sort,Parcial,10000,49995000,1000,99994000,0,1281406300,12
Selection Sort,Parcial,10000,49995000,999,99993996,0,1278505500,12
Selection Sort,Parcial,10000,49995000,1000,99994000,0,1284040200,12
Selection Sort,Parcial,10000,49995000,1000,99994000,0,1282391400,12
Selection Sort,Parcial,10000,49995000,1000,99994000,0,1284046300,12
Merge Sort,Parcial,10000,115585,18031,400848,15,16440000,534464
Merge Sort,Parcial,10000,115458,18158,400848,15,15735000,534464
Merge Sort,Parcial,10000,114984,18632,400848,15,14616500,534464
Merge Sort,Parcial,10000,115763,17853,400848,15,20953200,534464
Merge Sort,Parcial,10000,115284,18332,400848,15,17369700,534464
Merge Sort,Parcial,10000,115884,17732,400848,15,15881700,534464
Merge Sort,Parcial,10000,116311,17305,400848,15,16984800,534464
Merge Sort,Parcial,10000,115266,18350,400848,15,23491100,534464
Merge Sort,Parcial,10000,115134,18482,400848,15,21944300,534464
Merge Sort,Parcial,10000,116069,17547,400848,15,23100800,534464
Merge Sort,Parcial,10000,115770,17846,400848,15,14711400,534464
Merge Sort,Parcial,10000,115361,18255,400848,15,22552800,534464
Merge Sort,Parcial,10000,115426,18190,400848,15,22976400,534464
Merge Sort,Parcial,10000,115220,18396,400848,15,22482400,534464
Merge Sort,Parcial,10000,115033,18583,400848,15,20951400,534464
Merge Sort,Parcial,10000,115791,17825,400848,15,19814500,534464
Merge Sort,Parcial,10000,115696,17920,400848,15,13864200,534464
Merge Sort,Parcial,10000,115299,18317,400848,15,20979900,534464
Merge Sort,Parcial,10000,115779,17837,400848,15,20858700,534464
Merge Sort,Parcial,10000,115697,17919,400848,15,22376500,534464
Merge Sort,Parcial,10000,116101,17515,400848,15,23342000,534464
Merge Sort,Parcial,10000,115330,18286,400848,15,13508000,534464
Merge Sort,Parcial,10000,115150,18466,400848,15,13909900,534464
Merge Sort,Parcial,10000,115884,17732,400848,15,14028300,534464
Merge Sort,Parcial,10000,115670,17946,400848,15,23585600,534464
Merge Sort,Parcial,10000,114876,18740,400848,15,20968800,534464
Merge Sort,Parcial,10000,115512,18104,400848,15,20769500,534464
Merge Sort,Parcial,10000,115437,18179,400848,15,19808100,534464
Merge Sort,Parcial,10000,115387,18229,400848,15,18564500,534464
Merge Sort,Parcial,10000,115736,17880,400848,15,21376100,534464
Heap Sort,Parcial,10000,242429,130026,1004962,0,17127100,12
Heap Sort,Parcial,10000,242605,130172,1005898,0,19461600,12
Heap Sort,Parcial,10000,242570,130148,1005732,0,15654300,12
Heap Sort,Parcial,10000,242517,130052,1005242,0,15141700,12
Heap Sort,Parcial,10000,242564,130082,1005456,0,20124300,12
Heap Sort,Parcial,10000,242401,130058,1005034,0,19953100,12
Heap Sort,Parcial,10000,242548,130132,1005624,0,16073600,12
Heap Sort,Parcial,10000,242562,130096,1005508,0,18605100,12
Heap Sort,Parcial,10000,242513,130080,1005346,0,19916400,12
Heap Sort,Parcial,10000,242600,130160,1005840,0,13543400,12
Heap Sort,Parcial,10000,242538,130038,1005228,0,19696700,12
Heap Sort,Parcial,10000,242598,130116,1005660,0,16424600,12
Heap Sort,Parcial,10000,242567,130160,1005774,0,14719000,12
Heap Sort,Parcial,10000,242479,130032,1005086,0,19774600,12
Heap Sort,Parcial,10000,242480,130062,1005208,0,18720700,12
Heap Sort,Parcial,10000,242598,130104,1005612,0,19554500,12
Heap Sort,Parcial,10000,242561,130093,1005494,0,19722800,12
Heap Sort,Parcial,10000,242557,130072,1005402,0,19892200,12
Heap Sort,Parcial,10000,242594,130140,1005748,0,19056000,12
Heap Sort,Parcial,10000,242539,130116,1005542,0,14821700,12
Heap Sort,Parcial,10000,242516,130118,1005504,0,18640600,12
Heap Sort,Parcial,10000,242525,130060,1005290,0,18891700,12
Heap Sort,Parcial,10000,242565,130072,1005418,0,19330700,12
Heap Sort,Parcial,10000,242656,130220,1006192,0,15047700,12
Heap Sort,Parcial,10000,242478,130088,1005308,0,18993500,12
Heap Sort,Parcial,10000,242530,130097,1005448,0,19243600,12
Heap Sort,Parcial,10000,242429,130058,1005090,0,17538600,12
Heap Sort,Parcial,10000,242529,130138,1005610,0,14867600,12
Heap Sort,Parcial,10000,242609,130138,1005770,0,16803900,12
Heap Sort,Parcial,10000,242449,130076,1005202,0,15819200,12
Shell Sort,Parcial,10000,197105,163284,790280,0,11800600,16
Shell Sort,Parcial,10000,197857,163756,793128,0,12888100,16
Shell Sort,Parcial,10000,196992,163486,789794,0,13221800,16
Shell Sort,Parcial,10000,189772,155588,760848,0,13115400,16
Shell Sort,Parcial,10000,195524,162136,784070,0,15344300,16
Shell Sort,Parcial,10000,194724,160541,780682,0,13051800,16
Shell Sort,Parcial,10000,209701,176654,840614,0,13738000,16
Shell Sort,Parcial,10000,203023,169860,814042,0,13464900,16
Shell Sort,Parcial,10000,203751,169944,816704,0,15589300,16
Shell Sort,Parcial,10000,203099,169638,814292,0,13336600,16
Shell Sort,Parcial,10000,199884,166170,801438,0,13311000,16
Shell Sort,Parcial,10000,198494,164504,795722,0,14193800,16
Shell Sort,Parcial,10000,197127,163565,790408,0,13506500,16
Shell Sort,Parcial,10000,192523,158852,771868,0,15125500,16
Shell Sort,Parcial,10000,191319,157700,767060,0,12553000,16
Shell Sort,Parcial,10000,193316,159666,775224,0,15714700,16
Shell Sort,Parcial,10000,191798,157791,768918,0,13482200,16
Shell Sort,Parcial,10000,200952,167685,805706,0,15812100,16
Shell Sort,Parcial,10000,195149,161281,782416,0,11983400,16
Shell Sort,Parcial,10000,195179,161281,782500,0,13636500,16
Shell Sort,Parcial,10000,204023,170676,817984,0,15960700,16
Shell Sort,Parcial,10000,188895,154836,757268,0,14694900,16
Shell Sort,Parcial,10000,198603,165088,796176,0,15185400,16
Shell Sort,Parcial,10000,213664,180362,856374,0,16700600,16
Shell Sort,Parcial,10000,195044,161640,782058,0,13703800,16
Shell Sort,Parcial,10000,201592,167916,808038,0,15828100,16
Shell Sort,Parcial,10000,201556,167808,807928,0,14743500,16
Shell Sort,Parcial,10000,191604,157546,768166,0,13035300,16
Shell Sort,Parcial,10000,191169,157299,766508,0,13984600,16
Shell Sort,Parcial,10000,193360,159543,775354,0,10313100,16
Quick Sort,Parcial,10000,311852,185118,1371813,88,18857900,1056
Quick Sort,Parcial,10000,302351,187695,1363175,103,13582600,1236
Quick Sort,Parcial,10000,349959,208729,1542481,81,14658900,972
Quick Sort,Parcial,10000,285326,147454,1168057,83,15791500,996
Quick Sort,Parcial,10000,297791,150631,1205683,86,12914700,1032
Quick Sort,Parcial,10000,309223,170157,1306679,81,15264800,972
Quick Sort,Parcial,10000,470803,203254,1762312,106,21898100,1272
Quick Sort,Parcial,10000,305644,126112,1123364,96,15758000,1152
Quick Sort,Parcial,10000,300171,167024,1276020,74,18261300,888
Quick Sort,Parcial,10000,309246,149172,1222817,95,17797000,1140
Quick Sort,Parcial,10000,321515,173208,1343467,77,18426000,924
Quick Sort,Parcial,10000,402123,176322,1517222,114,13862700,1368
Quick Sort,Parcial,10000,278437,147813,1155731,91,16228500,1092
Quick Sort,Parcial,10000,295061,175091,1298157,74,18695200,888
Quick Sort,Parcial,10000,365022,227037,1645830,80,22695700,960
Quick Sort,Parcial,10000,313954,199638,1434166,99,15728000,1188
Quick Sort,Parcial,10000,364307,230312,1657446,89,21981000,1068
Quick Sort,Parcial,10000,338454,220220,1565438,135,21754900,1620
Quick Sort,Parcial,10000,409432,248665,1821170,126,18926800,1512
Quick Sort,Parcial,10000,359406,207464,1556407,80,21527000,960
Quick Sort,Parcial,10000,469739,131713,1473992,119,13147300,1428
Quick Sort,Parcial,10000,321816,149560,1249526,82,17636900,984
Quick Sort,Parcial,10000,299642,136537,1153032,87,16417000,1044
Quick Sort,Parcial,10000,274871,149575,1155677,67,16527500,804
Quick Sort,Parcial,10000,318630,165111,1305338,95,18814500,1140
Quick Sort,Parcial,10000,272221,146985,1139931,70,16097700,840
Quick Sort,Parcial,10000,403090,245773,1796951,99,18837100,1188
Quick Sort,Parcial,10000,342524,224752,1591662,95,17653400,1140
Quick Sort,Parcial,10000,374188,258814,1791284,105,16127500,1260
Quick Sort,Parcial,10000,362543,231552,1658952,89,22852800,1068
Quick Random,Parcial,10000,170631,108336,781316,35,7918700,420
Quick Random,Parcial,10000,149200,86401,650684,30,10521000,360
Quick Random,Parcial,10000,159375,89561,683654,32,10835500,384
Quick Random,Parcial,10000,156427,89927,679304,31,9482700,372
Quick Random,Parcial,10000,157785,100085,722611,30,10627700,360
Quick Random,Parcial,10000,150141,89765,666003,31,8481500,372
Quick Random,Parcial,10000,161568,88170,682466,32,11592800,384
Quick Random,Parcial,10000,160706,90144,688690,32,10670100,384
Quick Random,Parcial,10000,162497,93147,704304,32,9606200,384
Quick Random,Parcial,10000,154865,91348,681836,31,10282400,372
Quick Random,Parcial,10000,162872,95167,713069,34,11457600,408
Quick Random,Parcial,10000,162733,97366,721604,32,9413500,384
Quick Random,Parcial,10000,166282,99410,736854,31,11488600,372
Quick Random,Parcial,10000,167617,96142,726489,32,9448500,384
Quick Random,Parcial,10000,166072,95847,722207,33,9371400,396
Quick Random,Parcial,10000,163993,93572,708941,32,11049900,384
Quick Random,Parcial,10000,164311,88182,688017,31,10876200,372
Quick Random,Parcial,10000,165122,105496,758918,35,11955600,420
Quick Random,Parcial,10000,158627,93117,696382,34,11023500,408
Quick Random,Parcial,10000,157783,101045,726455,34,11464700,408
Quick Random,Parcial,10000,162953,89203,689395,31,10901000,372
Quick Random,Parcial,10000,163277,91236,698192,32,11036300,384
Quick Random,Parcial,10000,152932,91347,677932,29,10796900,348
Quick Random,Parcial,10000,165079,92640,707380,34,10800600,408
Quick Random,Parcial,10000,154782,92289,685390,28,10875900,336
Quick Random,Parcial,10000,164885,99692,735212,39,11562700,468
Quick Random,Parcial,10000,159819,84986,666259,31,10599600,372
Quick Random,Parcial,10000,168818,88849,699722,36,11093800,432
Quick Random,Parcial,10000,156092,89753,677909,30,8553800,360
Quick Random,Parcial,10000,156252,90929,682884,36,8212600,432
Bubble Sort,Repetitivo,10000,49986485,25004380,199990490,0,2531586200,13
Bubble Sort,Repetitivo,10000,49980972,25361626,201408448,0,2515477900,13
Bubble Sort,Repetitivo,10000,49986999,25055102,200194406,0,2497979500,13
Bubble Sort,Repetitivo,10000,49992920,24984141,199922404,0,2614898000,13
Bubble Sort,Repetitivo,10000,49980294,25183030,200692708,0,2627795400,13
Bubble Sort,Repetitivo,10000,49988559,25120248,200458110,0,2650360300,13
Bubble Sort,Repetitivo,10000,49985409,24923570,199665098,0,2543660800,13
Bubble Sort,Repetitivo,10000,49994535,25135859,200532506,0,2540775900,13
Bubble Sort,Repetitivo,10000,49988445,24828932,199292618,0,2509866900,13
Bubble Sort,Repetitivo,10000,49990905,24846819,199369086,0,2501294300,13
Bubble Sort,Repetitivo,10000,49990905,25141836,200549154,0,2506040600,13
Bubble Sort,Repetitivo,10000,49992225,24824773,199283542,0,2492381100,13
Bubble Sort,Repetitivo,10000,49987979,24961476,199821862,0,2556030100,13
Bubble Sort,Repetitivo,10000,49986872,24986429,199919460,0,2500595900,13
Bubble Sort,Repetitivo,10000,49992299,24957742,199815566,0,2500894900,13
Bubble Sort,Repetitivo,10000,49992984,24953910,199801608,0,2501374400,13
Bubble Sort,Repetitivo,10000,49991514,25153136,200595572,0,2534654200,13
Bubble Sort,Repetitivo,10000,49964865,24735412,198871378,0,2492078400,13
Bubble Sort,Repetitivo,10000,49991345,24965705,199845510,0,2506171900,13
Bubble Sort,Repetitivo,10000,49972209,24769295,199021598,0,2520194000,13
Bubble Sort,Repetitivo,10000,49985409,24889873,199530310,0,2671461400,13
Bubble Sort,Repetitivo,10000,49987374,25079614,200293204,0,2945822300,13
Bubble Sort,Repetitivo,10000,49994439,25165713,200651730,0,2548735600,13
Bubble Sort,Repetitivo,10000,49994180,25005412,200010008,0,2705285900,13
Bubble Sort,Repetitivo,10000,49973885,25168012,200619818,0,2571471000,13
Bubble Sort,Repetitivo,10000,49990905,24836805,199329030,0,1979721200,13
Bubble Sort,Repetitivo,10000,49971347,25027825,200053994,0,2439077300,13
Bubble Sort,Repetitivo,10000,49990535,24893999,199557066,0,2034445000,13
Bubble Sort,Repetitivo,10000,49982597,24927457,199675022,0,2012832300,13
Bubble Sort,Repetitivo,10000,49984269,24870187,199449286,0,2270561800,13
Insertion Sort,Repetitivo,10000,25239521,25239513,100958100,0,814896300,12
Insertion Sort,Repetitivo,10000,24805080,24805077,99220326,0,800309000,12
Insertion Sort,Repetitivo,10000,25334139,25334123,101336566,0,797522800,12
Insertion Sort,Repetitivo,10000,24712651,24712647,98850622,0,779268900,12
Insertion Sort,Repetitivo,10000,24925503,24925492,99702026,0,1062063400,12
Insertion Sort,Repetitivo,10000,25030303,25030303,100121230,0,770926000,12
Insertion Sort,Repetitivo,10000,24730793,24730785,98923182,0,788143400,12
Insertion Sort,Repetitivo,10000,25014055,25014050,100056230,0,764828200,12
Insertion Sort,Repetitivo,10000,24984097,24984090,99936398,0,780863900,12
Insertion Sort,Repetitivo,10000,25104279,25104274,100417132,0,786963900,12
Insertion Sort,Repetitivo,10000,25122010,25122008,100488062,0,773017800,12
Insertion Sort,Repetitivo,10000,24869560,24869551,99478250,0,1139739500,12
Insertion Sort,Repetitivo,10000,24928494,24928485,99713988,0,758927900,12
Insertion Sort,Repetitivo,10000,24746391,24746380,98985576,0,754033000,12
Insertion Sort,Repetitivo,10000,24897965,24897964,99591880,0,755906000,12
Insertion Sort,Repetitivo,10000,25223945,25223938,100895790,0,783114100,12
Insertion Sort,Repetitivo,10000,24810022,24810009,99240100,0,791470300,12
Insertion Sort,Repetitivo,10000,25068314,25068313,100273276,0,745155800,12
Insertion Sort,Repetitivo,10000,24745398,24745395,98981604,0,1091293800,12
Insertion Sort,Repetitivo,10000,25304196,25304193,101216802,0,761648200,12
Insertion Sort,Repetitivo,10000,25008537,25008538,100034164,0,786498600,12
Insertion Sort,Repetitivo,10000,25057044,25057039,100228184,0,779205400,12
Insertion Sort,Repetitivo,10000,25038258,25038254,100153054,0,752109200,12
Insertion Sort,Repetitivo,10000,25297883,25297875,101191544,0,769492300,12
Insertion Sort,Repetitivo,10000,25077841,25077828,100311372,0,1029673200,12
Insertion Sort,Repetitivo,10000,25018925,25018919,100075712,0,830593400,12
Insertion Sort,Repetitivo,10000,24900741,24900737,99602974,0,771597900,12
Insertion Sort,Repetitivo,10000,25015222,25015222,100060910,0,758734300,12
Insertion Sort,Repetitivo,10000,24988531,24988527,99954142,0,747927300,12
Insertion Sort,Repetitivo,10000,25065160,25065163,100260662,0,762314800,12
Selection Sort,Repetitivo,10000,49995000,9994,100029976,0,1039665900,12
Selection Sort,Repetitivo,10000,49995000,9983,100029932,0,1354378200,12
Selection Sort,Repetitivo,10000,49995000,9989,100029956,0,997795200,12
Selection Sort,Repetitivo,10000,49995000,9988,100029952,0,984250300,12
Selection Sort,Repetitivo,10000,49995000,9982,100029928,0,1017327800,12
Selection Sort,Repetitivo,10000,49995000,9991,100029964,0,972990900,12
Selection Sort,Repetitivo,10000,49995000,9989,100029956,0,1297107700,12
Selection Sort,Repetitivo,10000,49995000,9986,100029944,0,1047297300,12
Selection Sort,Repetitivo,10000,49995000,9985,100029940,0,987444900,12
Selection Sort,Repetitivo,10000,49995000,9989,100029956,0,990387400,12
Selection Sort,Repetitivo,10000,49995000,9985,100029940,0,981588500,12
Selection Sort,Repetitivo,10000,49995000,9982,100029928,0,1296811600,12
Selection Sort,Repetitivo,10000,49995000,9991,100029964,0,1026341600,12
Selection Sort,Repetitivo,10000,49995000,9985,100029940,0,975490100,12
Selection Sort,Repetitivo,10000,49995000,9984,100029936,0,971831000,12
Selection Sort,Repetitivo,10000,49995000,9989,100029956,0,984002900,12
Selection Sort,Repetitivo,10000,49995000,9985,100029940,0,1083977400,12
Selection Sort,Repetitivo,10000,49995000,9988,100029952,0,1207484600,12
Selection Sort,Repetitivo,10000,49995000,9983,100029932,0,1000238500,12
Selection Sort,Repetitivo,10000,49995000,9986,100029944,0,988717900,12
Selection Sort,Repetitivo,10000,49995000,9987,100029948,0,989877400,12
Selection Sort,Repetitivo,10000,49995000,9988,100029952,0,982474700,12
Selection Sort,Repetitivo,10000,49995000,9993,100029972,0,1303005800,12
Selection Sort,Repetitivo,10000,49995000,9989,100029956,0,993054400,12
Selection Sort,Repetitivo,10000,49995000,9981,100029924,0,994700000,12
Selection Sort,Repetitivo,10000,49995000,9980,100029920,0,980709800,12
Selection Sort,Repetitivo,10000,49995000,9983,100029932,0,973050000,12
Selection Sort,Repetitivo,10000,49995000,9984,100029936,0,1297464000,12
Selection Sort,Repetitivo,10000,49995000,9991,100029964,0,1010830300,12
Selection Sort,Repetitivo,10000,49995000,9992,100029968,0,977186400,12
Merge Sort,Repetitivo,10000,120484,13132,400848,15,16737900,534464
Merge Sort,Repetitivo,10000,120456,13160,400848,15,18910500,534464
Merge Sort,Repetitivo,10000,120430,13186,400848,15,17696500,534464
Merge Sort,Repetitivo,10000,120430,13186,400848,15,12426900,534464
Merge Sort,Repetitivo,10000,120574,13042,400848,15,14139200,534464
Merge Sort,Repetitivo,10000,120408,13208,400848,15,12810000,534464
Merge Sort,Repetitivo,10000,120466,13150,400848,15,15557200,534464
Merge Sort,Repetitivo,10000,120554,13062,400848,15,13401100,534464
Merge Sort,Repetitivo,10000,120554,13062,400848,15,11806000,534464
Merge Sort,Repetitivo,10000,120468,13148,400848,15,11620400,534464
Merge Sort,Repetitivo,10000,120533,13083,400848,15,11883000,534464
Merge Sort,Repetitivo,10000,120422,13194,400848,15,11489700,534464
Merge Sort,Repetitivo,10000,120419,13197,400848,15,18072000,534464
Merge Sort,Repetitivo,10000,120497,13119,400848,15,11383200,534464
Merge Sort,Repetitivo,10000,120418,13198,400848,15,11297300,534464
Merge Sort,Repetitivo,10000,120420,13196,400848,15,18096000,534464
Merge Sort,Repetitivo,10000,120398,13218,400848,15,11375300,534464
Merge Sort,Repetitivo,10000,120483,13133,400848,15,11486500,534464
Merge Sort,Repetitivo,10000,120486,13130,400848,15,11240600,534464
Merge Sort,Repetitivo,10000,120371,13245,400848,15,11357900,534464
Merge Sort,Repetitivo,10000,120456,13160,400848,15,11398000,534464
Merge Sort,Repetitivo,10000,120398,13218,400848,15,11420300,534464
Merge Sort,Repetitivo,10000,120421,13195,400848,15,11477200,534464
Merge Sort,Repetitivo,10000,120488,13128,400848,15,11225900,534464
Merge Sort,Repetitivo,10000,120430,13186,400848,15,11411200,534464
Merge Sort,Repetitivo,10000,120554,13062,400848,15,11402700,534464
Merge Sort,Repetitivo,10000,120501,13115,400848,15,17615800,534464
Merge Sort,Repetitivo,10000,120417,13199,400848,15,11355200,534464
Merge Sort,Repetitivo,10000,120458,13158,400848,15,11411200,534464
Merge Sort,Repetitivo,10000,120413,13203,400848,15,11380300,534464
Heap Sort,Repetitivo,10000,235394,124219,967664,0,13778000,12
Heap Sort,Repetitivo,10000,235346,124132,967220,0,14351500,12
Heap Sort,Repetitivo,10000,235356,124158,967344,0,9966800,12
Heap Sort,Repetitivo,10000,235465,124320,968210,0,10003700,12
Heap Sort,Repetitivo,10000,235462,124183,967656,0,10656900,12
Heap Sort,Repetitivo,10000,235372,124220,967624,0,10257500,12
Heap Sort,Repetitivo,10000,235399,124173,967490,0,10000100,12
Heap Sort,Repetitivo,10000,235185,124065,966630,0,9981400,12
Heap Sort,Repetitivo,10000,235462,124299,968120,0,10907400,12
Heap Sort,Repetitivo,10000,235465,124164,967586,0,9967700,12
Heap Sort,Repetitivo,10000,235376,124122,967240,0,9953400,12
Heap Sort,Repetitivo,10000,235325,124077,966958,0,10005200,12
Heap Sort,Repetitivo,10000,235570,124375,968640,0,10316000,12
Heap Sort,Repetitivo,10000,235448,124164,967552,0,9946400,12
Heap Sort,Repetitivo,10000,235289,124069,966854,0,14678700,12
Heap Sort,Repetitivo,10000,235468,124069,967212,0,10787100,12
Heap Sort,Repetitivo,10000,235576,124321,968436,0,14639900,12
Heap Sort,Repetitivo,10000,235327,124188,967406,0,9940100,12
Heap Sort,Repetitivo,10000,235359,124258,967750,0,13263000,12
Heap Sort,Repetitivo,10000,235428,124188,967608,0,13310300,12
Heap Sort,Repetitivo,10000,235457,124247,967902,0,13265000,12
Heap Sort,Repetitivo,10000,235319,124198,967430,0,13110200,12
Heap Sort,Repetitivo,10000,235428,124243,967828,0,10546500,12
Heap Sort,Repetitivo,10000,235336,124112,967120,0,10470500,12
Heap Sort,Repetitivo,10000,235299,124148,967190,0,9987400,12
Heap Sort,Repetitivo,10000,235387,124185,967514,0,9980600,12
Heap Sort,Repetitivo,10000,235204,124045,966588,0,10010200,12
Heap Sort,Repetitivo,10000,235252,124110,966944,0,10344700,12
Heap Sort,Repetitivo,10000,235381,124189,967518,0,9971300,12
Heap Sort,Repetitivo,10000,235527,124254,968070,0,9973900,12
Shell Sort,Repetitivo,10000,242884,219891,980136,0,9295600,16
Shell Sort,Repetitivo,10000,227329,204096,917926,0,15740300,16
Shell Sort,Repetitivo,10000,233857,210153,943882,0,12803100,16
Shell Sort,Repetitivo,10000,232751,209577,939588,0,10194300,16
Shell Sort,Repetitivo,10000,227924,204658,920142,0,11161600,16
Shell Sort,Repetitivo,10000,220330,196876,890014,0,8780900,16
Shell Sort,Repetitivo,10000,230826,207923,931920,0,12020900,16
Shell Sort,Repetitivo,10000,228929,205772,924444,0,13601900,16
Shell Sort,Repetitivo,10000,231535,208093,934624,0,12546300,16
Shell Sort,Repetitivo,10000,219494,195922,886652,0,8729400,16
Shell Sort,Repetitivo,10000,225478,202387,910484,0,8776200,16
Shell Sort,Repetitivo,10000,222059,198373,896852,0,8718600,16
Shell Sort,Repetitivo,10000,215566,191669,870952,0,8919000,16
Shell Sort,Repetitivo,10000,219254,195948,885786,0,9331200,16
Shell Sort,Repetitivo,10000,224788,201171,907824,0,11565600,16
Shell Sort,Repetitivo,10000,229885,206581,928174,0,10120500,16
Shell Sort,Repetitivo,10000,221114,197506,893152,0,8660000,16
Shell Sort,Repetitivo,10000,220623,197027,891156,0,8608200,16
Shell Sort,Repetitivo,10000,230396,207063,930236,0,13950500,16
Shell Sort,Repetitivo,10000,217204,193448,877310,0,11093900,16
Shell Sort,Repetitivo,10000,237797,214128,959684,0,9147500,16
Shell Sort,Repetitivo,10000,222171,198664,897472,0,8663500,16
Shell Sort,Repetitivo,10000,226342,203065,914022,0,13386600,16
Shell Sort,Repetitivo,10000,227434,204118,918152,0,8823600,16
Shell Sort,Repetitivo,10000,215124,191783,869282,0,8855600,16
Shell Sort,Repetitivo,10000,210859,187124,852064,0,8744900,16
Shell Sort,Repetitivo,10000,231869,208602,936032,0,9364700,16
Shell Sort,Repetitivo,10000,217786,194367,879904,0,8590600,16
Shell Sort,Repetitivo,10000,238246,215667,961638,0,13922300,16
Shell Sort,Repetitivo,10000,214793,191230,867750,0,8481600,16
Quick Sort,Repetitivo,10000,166179,108226,773373,35,6487500,420
Quick Sort,Repetitivo,10000,156322,104574,739051,32,9365800,384
Quick Sort,Repetitivo,10000,158870,101421,731520,34,6505800,408
Quick Sort,Repetitivo,10000,158342,97387,714345,29,5822800,348
Quick Sort,Repetitivo,10000,171223,104801,769756,37,9012800,444
Quick Sort,Repetitivo,10000,156378,93004,692886,30,5678100,360
Quick Sort,Repetitivo,10000,159185,94166,703155,31,7657400,372
Quick Sort,Repetitivo,10000,152020,96233,697083,31,7606000,372
Quick Sort,Repetitivo,10000,174977,106958,785878,35,8289500,420
Quick Sort,Repetitivo,10000,158717,100461,727376,33,7813400,396
Quick Sort,Repetitivo,10000,155109,97858,709762,32,7702900,384
Quick Sort,Repetitivo,10000,159847,102868,739275,31,11819900,372
Quick Sort,Repetitivo,10000,166448,106498,766990,31,12001100,372
Quick Sort,Repetitivo,10000,165021,101741,745121,36,6280700,432
Quick Sort,Repetitivo,10000,161640,99210,728233,35,8664200,420
Quick Sort,Repetitivo,10000,159899,101709,734739,34,7856400,408
Quick Sort,Repetitivo,10000,156558,101213,726069,31,6453100,372
Quick Sort,Repetitivo,10000,161701,100885,735051,34,8983400,408
Quick Sort,Repetitivo,10000,155830,96152,704372,32,7646700,384
Quick Sort,Repetitivo,10000,177286,104161,779344,34,12281400,408
Quick Sort,Repetitivo,10000,163769,106378,761160,32,9020400,384
Quick Sort,Repetitivo,10000,153560,95844,698608,30,5694200,360
Quick Sort,Repetitivo,10000,187121,114180,839069,36,9854300,432
Quick Sort,Repetitivo,10000,175239,105331,779901,35,6505500,420
Quick Sort,Repetitivo,10000,185728,122999,871575,38,8987900,456
Quick Sort,Repetitivo,10000,164591,96709,724126,33,6218200,396
Quick Sort,Repetitivo,10000,154811,97181,706449,32,7649700,384
Quick Sort,Repetitivo,10000,158127,95388,705930,32,7601400,384
Quick Sort,Repetitivo,10000,169748,113543,801780,33,8122400,396
Quick Sort,Repetitivo,10000,159650,102461,737249,34,6126600,408
Quick Random,Repetitivo,10000,157076,101246,727248,34,12713700,408
Quick Random,Repetitivo,10000,160706,121052,813728,36,9744200,432
Quick Random,Repetitivo,10000,161557,123477,825120,35,8618500,420
Quick Random,Repetitivo,10000,157528,109141,759728,31,10542400,372
Quick Random,Repetitivo,10000,161813,115840,795089,32,7548200,384
Quick Random,Repetitivo,10000,159500,114098,783501,33,7316700,396
Quick Random,Repetitivo,10000,169813,121302,832942,36,9617300,432
Quick Random,Repetitivo,10000,155566,101510,725273,33,8297700,396
Quick Random,Repetitivo,10000,162385,106969,760747,34,6654700,408
Quick Random,Repetitivo,10000,151890,103884,727419,31,6241300,372
Quick Random,Repetitivo,10000,158991,107884,757617,33,12292900,396
Quick Random,Repetitivo,10000,159832,112049,775964,32,8697300,384
Quick Random,Repetitivo,10000,170325,114049,804953,35,13291500,420
Quick Random,Repetitivo,10000,164822,110956,781567,31,9887100,372
Quick Random,Repetitivo,10000,156983,109276,759203,32,8268600,384
Quick Random,Repetitivo,10000,161548,100878,734737,36,8172300,432
Quick Random,Repetitivo,10000,157940,108799,759176,31,8712400,372
Quick Random,Repetitivo,10000,167815,101703,750557,34,9471400,408
Quick Random,Repetitivo,10000,160882,106912,757511,31,8456500,372
Quick Random,Repetitivo,10000,154976,103342,731421,29,7101300,348
Quick Random,Repetitivo,10000,165520,103380,752652,33,8374900,396
Quick Random,Repetitivo,10000,160625,106899,756956,33,9711400,396
Quick Random,Repetitivo,10000,162509,110794,776292,33,8121700,396
Quick Random,Repetitivo,10000,161246,107743,761575,35,8198900,420
Quick Random,Repetitivo,10000,164833,120695,820568,33,7195000,396
Quick Random,Repetitivo,10000,157077,118737,797210,33,10216200,396
Quick Random,Repetitivo,10000,159855,109287,764952,35,6764100,420
Quick Random,Repetitivo,10000,160168,104431,746169,35,9503600,420
Quick Random,Repetitivo,10000,155707,111222,764411,30,6437100,360
Quick Random,Repetitivo,10000,162047,105489,754156,36,6640400,432
Bubble Sort,Gaussiano,10000,49989950,24942133,199748432,0,2336774000,13
Bubble Sort,Gaussiano,10000,49983974,24818124,199240444,0,1917332900,13
Bubble Sort,Gaussiano,10000,49989114,25002387,199987776,0,2176367400,13
Bubble Sort,Gaussiano,10000,49978890,25140094,200518156,0,2029649400,13
Bubble Sort,Gaussiano,10000,49990814,25239273,200938720,0,1965421600,13
Bubble Sort,Gaussiano,10000,49989222,25099685,200377184,0,2225460500,13
Bubble Sort,Gaussiano,10000,49982439,24801152,199169486,0,1939446200,13
Bubble Sort,Gaussiano,10000,49992225,25017733,200055382,0,1904080500,13
Bubble Sort,Gaussiano,10000,49961330,25031786,200049804,0,2231475500,13
Bubble Sort,Gaussiano,10000,49989540,24926437,199684828,0,1922150100,13
Bubble Sort,Gaussiano,10000,49994972,24957563,199820196,0,2044484800,13
Bubble Sort,Gaussiano,10000,49985270,25223753,200865552,0,2156019300,13
Bubble Sort,Gaussiano,10000,49979775,24816952,199227358,0,1923885800,13
Bubble Sort,Gaussiano,10000,49986744,25108191,200406252,0,2391975100,13
Bubble Sort,Gaussiano,10000,49994990,24982132,199918508,0,1890937600,13
Bubble Sort,Gaussiano,10000,49992722,25095314,200366700,0,1915946200,13
Bubble Sort,Gaussiano,10000,49977980,25187863,200707412,0,2245008900,13
Bubble Sort,Gaussiano,10000,49994139,24827951,199300082,0,1888694600,13
Bubble Sort,Gaussiano,10000,49986744,25021134,200058024,0,1901534800,13
Bubble Sort,Gaussiano,10000,49981305,25155059,200582846,0,2263588100,13
Bubble Sort,Gaussiano,10000,49956497,24805520,199135074,0,1909319800,13
Bubble Sort,Gaussiano,10000,49985547,24958779,199806210,0,2209158200,13
Bubble Sort,Gaussiano,10000,49977422,25011103,199999256,0,1920530500,13
Bubble Sort,Gaussiano,10000,49993569,24890906,199550762,0,1909593600,13
Bubble Sort,Gaussiano,10000,49993725,24965301,199848654,0,2217896200,13
Bubble Sort,Gaussiano,10000,49970024,24628867,198455516,0,1886922700,13
Bubble Sort,Gaussiano,10000,49994405,24958086,199821154,0,1900990400,13
Bubble Sort,Gaussiano,10000,49992920,25069176,200262544,0,2273262100,13
Bubble Sort,Gaussiano,10000,49989114,24946281,199763352,0,1930877100,13
Bubble Sort,Gaussiano,10000,49993289,24932466,199716442,0,2209907200,13
Insertion Sort,Gaussiano,10000,24889916,24889909,99559676,0,801105700,12
Insertion Sort,Gaussiano,10000,24596436,24596430,98385756,0,800572000,12
Insertion Sort,Gaussiano,10000,25090202,25090198,100360830,0,766512500,12
Insertion Sort,Gaussiano,10000,25040024,25040022,100160114,0,764507700,12
Insertion Sort,Gaussiano,10000,25183851,25183849,100735418,0,764949700,12
Insertion Sort,Gaussiano,10000,24907758,24907755,99631050,0,785886500,12
Insertion Sort,Gaussiano,10000,24844880,24844879,99379530,0,761589000,12
Insertion Sort,Gaussiano,10000,25043072,25043072,100172306,0,780337800,12
Insertion Sort,Gaussiano,10000,25199910,25199914,100799664,0,775552900,12
Insertion Sort,Gaussiano,10000,24855360,24855360,99421456,0,785352000,12
Insertion Sort,Gaussiano,10000,25262184,25262188,101048758,0,760682500,12
Insertion Sort,Gaussiano,10000,24925677,24925674,99702726,0,763016900,12
Insertion Sort,Gaussiano,10000,25174106,25174105,100696436,0,773245400,12
Insertion Sort,Gaussiano,10000,24878743,24878749,99514994,0,793488600,12
Insertion Sort,Gaussiano,10000,25026307,25026304,100105250,0,754350000,12
Insertion Sort,Gaussiano,10000,24896336,24896337,99585360,0,773668400,12
Insertion Sort,Gaussiano,10000,24708131,24708130,98832534,0,743382300,12
Insertion Sort,Gaussiano,10000,25174455,25174457,100697840,0,754245300,12
Insertion Sort,Gaussiano,10000,25207519,25207516,100830092,0,785327900,12
Insertion Sort,Gaussiano,10000,24839484,24839479,99357946,0,748360000,12
Insertion Sort,Gaussiano,10000,24770489,24770487,99081970,0,736136400,12
Insertion Sort,Gaussiano,10000,24959802,24959805,99839234,0,768976300,12
Insertion Sort,Gaussiano,10000,24844250,24844248,99377010,0,768626900,12
Insertion Sort,Gaussiano,10000,25075660,25075659,100302656,0,785632500,12
Insertion Sort,Gaussiano,10000,24939135,24939130,99756554,0,756463600,12
Insertion Sort,Gaussiano,10000,25006238,25006241,100024968,0,779868500,12
Insertion Sort,Gaussiano,10000,24916263,24916270,99665082,0,744314300,12
Insertion Sort,Gaussiano,10000,24648438,24648434,98593766,0,760052200,12
Insertion Sort,Gaussiano,10000,25057111,25057110,100228460,0,756730900,12
Insertion Sort,Gaussiano,10000,25080115,25080114,100320478,0,754726000,12
Selection Sort,Gaussiano,10000,49995000,9989,100029956,0,1018457800,12
Selection Sort,Gaussiano,10000,49995000,9989,100029956,0,1330343000,12
Selection Sort,Gaussiano,10000,49995000,9986,100029944,0,987414700,12
Selection Sort,Gaussiano,10000,49995000,9989,100029956,0,966438500,12
Selection Sort,Gaussiano,10000,49995000,9992,100029968,0,987440200,12
Selection Sort,Gaussiano,10000,49995000,9992,100029968,0,965909000,12
Selection Sort,Gaussiano,10000,49995000,9989,100029956,0,964214500,12
Selection Sort,Gaussiano,10000,49995000,9990,100029960,0,967054200,12
Selection Sort,Gaussiano,10000,49995000,9993,100029972,0,973168400,12
Selection Sort,Gaussiano,10000,49995000,9994,100029976,0,980027500,12
Selection Sort,Gaussiano,10000,49995000,9991,100029964,0,964046900,12
Selection Sort,Gaussiano,10000,49995000,9988,100029952,0,1004840600,12
Selection Sort,Gaussiano,10000,49995000,9986,100029944,0,970914600,12
Selection Sort,Gaussiano,10000,49995000,9991,100029964,0,957147300,12
Selection Sort,Gaussiano,10000,49995000,9994,100029976,0,1007105100,12
Selection Sort,Gaussiano,10000,49995000,9987,100029948,0,1360938200,12
Selection Sort,Gaussiano,10000,49995000,9993,100029972,0,970455700,12
Selection Sort,Gaussiano,10000,49995000,9995,100029980,0,973542200,12
Selection Sort,Gaussiano,10000,49995000,9991,100029964,0,1028170000,12
Selection Sort,Gaussiano,10000,49995000,9996,100029984,0,993548500,12
Selection Sort,Gaussiano,10000,49995000,9992,100029968,0,1291873400,12
Selection Sort,Gaussiano,10000,49995000,9985,100029940,0,979200600,12
Selection Sort,Gaussiano,10000,49995000,9991,100029964,0,970227400,12
Selection Sort,Gaussiano,10000,49995000,9996,100029984,0,971439900,12
Selection Sort,Gaussiano,10000,49995000,9991,100029964,0,972703700,12
Selection Sort,Gaussiano,10000,49995000,9986,100029944,0,1321721200,12
Selection Sort,Gaussiano,10000,49995000,9987,100029948,0,961219500,12
Selection Sort,Gaussiano,10000,49995000,9992,100029968,0,957285300,12
Selection Sort,Gaussiano,10000,49995000,9989,100029956,0,998989000,12
Selection Sort,Gaussiano,10000,49995000,9983,100029932,0,974847600,12
Merge Sort,Gaussiano,10000,120477,13139,400848,15,22736000,534464
Merge Sort,Gaussiano,10000,120527,13089,400848,15,14110700,534464
Merge Sort,Gaussiano,10000,120499,13117,400848,15,11975200,534464
Merge Sort,Gaussiano,10000,120514,13102,400848,15,13269500,534464
Merge Sort,Gaussiano,10000,120395,13221,400848,15,12622700,534464
Merge Sort,Gaussiano,10000,120387,13229,400848,15,12951200,534464
Merge Sort,Gaussiano,10000,120445,13171,400848,15,16394400,534464
Merge Sort,Gaussiano,10000,120413,13203,400848,15,11870300,534464
Merge Sort,Gaussiano,10000,120453,13163,400848,15,11321000,534464
Merge Sort,Gaussiano,10000,120422,13194,400848,15,11239400,534464
Merge Sort,Gaussiano,10000,120573,13043,400848,15,11171800,534464
Merge Sort,Gaussiano,10000,120416,13200,400848,15,16650300,534464
Merge Sort,Gaussiano,10000,120509,13107,400848,15,11298700,534464
Merge Sort,Gaussiano,10000,120489,13127,400848,15,11245900,534464
Merge Sort,Gaussiano,10000,120586,13030,400848,15,11211000,534464
Merge Sort,Gaussiano,10000,120395,13221,400848,15,16339600,534464
Merge Sort,Gaussiano,10000,120524,13092,400848,15,11480500,534464
Merge Sort,Gaussiano,10000,120312,13304,400848,15,11562500,534464
Merge Sort,Gaussiano,10000,120454,13162,400848,15,11164700,534464
Merge Sort,Gaussiano,10000,120451,13165,400848,15,16144100,534464
Merge Sort,Gaussiano,10000,120391,13225,400848,15,11484600,534464
Merge Sort,Gaussiano,10000,120496,13120,400848,15,16583700,534464
Merge Sort,Gaussiano,10000,120534,13082,400848,15,14444900,534464
Merge Sort,Gaussiano,10000,120437,13179,400848,15,11962600,534464
Merge Sort,Gaussiano,10000,120456,13160,400848,15,11484100,534464
Merge Sort,Gaussiano,10000,120450,13166,400848,15,11212900,534464
Merge Sort,Gaussiano,10000,120442,13174,400848,15,11482500,534464
Merge Sort,Gaussiano,10000,120496,13120,400848,15,16915600,534464
Merge Sort,Gaussiano,10000,120435,13181,400848,15,13682800,534464
Merge Sort,Gaussiano,10000,120549,13067,400848,15,13068900,534464
Heap Sort,Gaussiano,10000,235398,124130,967316,0,16178100,12
Heap Sort,Gaussiano,10000,235453,124268,967978,0,14641300,12
Heap Sort,Gaussiano,10000,235431,124254,967878,0,22013400,12
Heap Sort,Gaussiano,10000,235452,124228,967816,0,16493500,12
Heap Sort,Gaussiano,10000,235395,124140,967350,0,14528600,12
Heap Sort,Gaussiano,10000,235567,124321,968418,0,17116500,12
Heap Sort,Gaussiano,10000,235239,124164,967134,0,15148200,12
Heap Sort,Gaussiano,10000,235255,124146,967094,0,15938900,12
Heap Sort,Gaussiano,10000,235304,124242,967576,0,12844200,12
Heap Sort,Gaussiano,10000,235388,124168,967448,0,12705900,12
Heap Sort,Gaussiano,10000,235544,124280,968208,0,13195200,12
Heap Sort,Gaussiano,10000,235438,124278,967988,0,62987100,12
Heap Sort,Gaussiano,10000,235382,124244,967740,0,29294200,12
Heap Sort,Gaussiano,10000,235245,124133,967022,0,21038700,12
Heap Sort,Gaussiano,10000,235355,124164,967366,0,60899600,12
Heap Sort,Gaussiano,10000,235368,124260,967776,0,46111400,12
Heap Sort,Gaussiano,10000,235370,124241,967704,0,27681100,12
Heap Sort,Gaussiano,10000,235296,124160,967232,0,26521900,12
Heap Sort,Gaussiano,10000,235330,124209,967496,0,19827400,12
Heap Sort,Gaussiano,10000,235381,124134,967298,0,16474500,12
Heap Sort,Gaussiano,10000,235448,124251,967900,0,35790000,12
Heap Sort,Gaussiano,10000,235256,124173,967204,0,33386000,12
Heap Sort,Gaussiano,10000,235446,124210,967732,0,21280500,12
Heap Sort,Gaussiano,10000,235288,124168,967248,0,26641700,12
Heap Sort,Gaussiano,10000,235122,124013,966296,0,13030500,12
Heap Sort,Gaussiano,10000,235272,124173,967236,0,9968900,12
Heap Sort,Gaussiano,10000,235332,124183,967396,0,10013200,12
Heap Sort,Gaussiano,10000,235317,124093,967006,0,9935600,12
Heap Sort,Gaussiano,10000,235252,124091,966868,0,9960800,12
Heap Sort,Gaussiano,10000,235304,124132,967136,0,9899700,12
Shell Sort,Gaussiano,10000,227853,205427,920220,0,11809700,16
Shell Sort,Gaussiano,10000,233646,211401,943190,0,14747900,16
Shell Sort,Gaussiano,10000,229879,207400,928240,0,9810100,16
Shell Sort,Gaussiano,10000,222203,199769,897642,0,10057900,16
Shell Sort,Gaussiano,10000,230277,208081,929838,0,11277400,16
Shell Sort,Gaussiano,10000,227334,204839,918102,0,9742200,16
Shell Sort,Gaussiano,10000,228454,206139,922584,0,10038600,16
Shell Sort,Gaussiano,10000,223623,200916,903198,0,9670500,16
Shell Sort,Gaussiano,10000,236499,214518,954580,0,14074900,16
Shell Sort,Gaussiano,10000,219699,196975,887298,0,10592000,16
Shell Sort,Gaussiano,10000,231069,208492,933100,0,9238600,16
Shell Sort,Gaussiano,10000,222594,199742,898882,0,8698100,16
Shell Sort,Gaussiano,10000,218181,195319,881190,0,11956000,16
Shell Sort,Gaussiano,10000,217099,194114,877156,0,8550000,16
Shell Sort,Gaussiano,10000,237715,215345,959598,0,9340600,16
Shell Sort,Gaussiano,10000,226536,204312,914924,0,8902300,16
Shell Sort,Gaussiano,10000,229832,207617,927992,0,13182800,16
Shell Sort,Gaussiano,10000,207829,184676,839976,0,8275200,16
Shell Sort,Gaussiano,10000,224181,201492,905496,0,8823500,16
Shell Sort,Gaussiano,10000,243314,221654,981812,0,9348800,16
Shell Sort,Gaussiano,10000,237574,215262,958854,0,13269300,16
Shell Sort,Gaussiano,10000,230715,208145,931366,0,9156200,16
Shell Sort,Gaussiano,10000,229340,207033,926014,0,9190000,16
Shell Sort,Gaussiano,10000,220434,197577,890302,0,8658000,16
Shell Sort,Gaussiano,10000,236117,214087,953142,0,9138100,16
Shell Sort,Gaussiano,10000,218626,196294,883276,0,8596400,16
Shell Sort,Gaussiano,10000,233218,211181,941546,0,9026400,16
Shell Sort,Gaussiano,10000,220387,197436,890274,0,8617100,16
Shell Sort,Gaussiano,10000,233174,210711,941322,0,13113100,16
Shell Sort,Gaussiano,10000,225906,203431,912440,0,8833500,16
Quick Sort,Gaussiano,10000,154086,87938,667302,32,8006000,384
Quick Sort,Gaussiano,10000,151137,96830,696966,33,9506300,396
Quick Sort,Gaussiano,10000,164913,93702,711992,32,6544400,384
Quick Sort,Gaussiano,10000,159278,85568,668191,31,6022000,372
Quick Sort,Gaussiano,10000,152039,85924,655147,30,7285400,360
Quick Sort,Gaussiano,10000,163786,95100,715344,34,7692300,408
Quick Sort,Gaussiano,10000,157677,89945,682532,32,5761800,384
Quick Sort,Gaussiano,10000,152190,95782,694915,31,5980400,372
Quick Sort,Gaussiano,10000,149009,91267,670463,34,5765500,408
Quick Sort,Gaussiano,10000,158215,97456,713598,34,5785100,408
Quick Sort,Gaussiano,10000,158783,96092,709342,33,5758200,396
Quick Sort,Gaussiano,10000,157047,91853,688893,33,8353500,396
Quick Sort,Gaussiano,10000,162424,86170,676943,32,8374400,384
Quick Sort,Gaussiano,10000,152432,83186,644960,29,5496000,348
Quick Sort,Gaussiano,10000,159802,88655,681585,33,5558500,396
Quick Sort,Gaussiano,10000,151727,91870,678307,29,5795600,348
Quick Sort,Gaussiano,10000,160961,92497,699273,33,5671200,396
Quick Sort,Gaussiano,10000,153980,87168,663980,31,7346100,372
Quick Sort,Gaussiano,10000,150870,88630,663613,33,7333300,396
Quick Sort,Gaussiano,10000,176659,93579,735017,33,7832900,396
Quick Sort,Gaussiano,10000,161118,105212,750456,34,8037200,408
Quick Sort,Gaussiano,10000,159341,95124,706533,31,5730700,372
Quick Sort,Gaussiano,10000,146109,92753,670648,30,5801600,360
Quick Sort,Gaussiano,10000,160010,88188,680170,35,5522200,420
Quick Sort,Gaussiano,10000,148793,82258,634023,36,7826400,432
Quick Sort,Gaussiano,10000,167301,86185,686734,34,5580100,408
Quick Sort,Gaussiano,10000,165141,94031,713781,32,6614000,384
Quick Sort,Gaussiano,10000,162009,92991,703358,30,8481700,360
Quick Sort,Gaussiano,10000,151460,85752,653310,32,5436600,384
Quick Sort,Gaussiano,10000,152386,82588,642514,30,8015800,360
Quick Random,Gaussiano,10000,151674,102306,719917,32,8199500,384
Quick Random,Gaussiano,10000,156019,96922,707092,33,11225500,396
Quick Random,Gaussiano,10000,154147,99229,712553,30,8742700,360
Quick Random,Gaussiano,10000,153743,94315,692123,31,7006100,372
Quick Random,Gaussiano,10000,163512,98356,727813,35,7526500,420
Quick Random,Gaussiano,10000,151822,97130,699541,30,6017900,360
Quick Random,Gaussiano,10000,153390,100601,716554,31,7513800,372
Quick Random,Gaussiano,10000,153923,100577,717550,33,6274500,396
Quick Random,Gaussiano,10000,157714,103839,738156,32,6586700,384
Quick Random,Gaussiano,10000,148924,98655,699866,28,6227900,336
Quick Random,Gaussiano,10000,152102,99825,710872,31,6391000,372
Quick Random,Gaussiano,10000,154147,99129,712193,32,6075100,384
Quick Random,Gaussiano,10000,158921,103488,739143,36,6204400,432
Quick Random,Gaussiano,10000,176370,110854,803528,36,6582600,432
Quick Random,Gaussiano,10000,158561,111440,770273,29,6399500,348
Quick Random,Gaussiano,10000,152361,94772,691187,29,5928500,348
Quick Random,Gaussiano,10000,156071,104405,737143,31,6278900,372
Quick Random,Gaussiano,10000,156907,97738,712122,34,6042800,408
Quick Random,Gaussiano,10000,158450,97360,713694,31,9003400,372
Quick Random,Gaussiano,10000,163184,96280,718850,32,6108300,384
Quick Random,Gaussiano,10000,157153,107996,753670,31,8489800,372
Quick Random,Gaussiano,10000,161441,110969,774163,30,6468100,360
Quick Random,Gaussiano,10000,162318,104741,750973,34,6293900,408
Quick Random,Gaussiano,10000,155514,103899,734011,29,9227800,348
Quick Random,Gaussiano,10000,187046,112909,833084,36,6754600,432
Quick Random,Gaussiano,10000,155870,101173,723812,31,9214300,372
Quick Random,Gaussiano,10000,164228,100383,737357,33,6369700,396
Quick Random,Gaussiano,10000,182337,116190,836860,34,10191700,408
Quick Random,Gaussiano,10000,160268,94119,704402,35,5984500,420
Quick Random,Gaussiano,10000,153825,101034,719174,32,6101200,384
